icoPriceUsd,currentStage,goalUsd,total_supply,price,exchangeName,n_contracts,isbnb,tags_reduce,iseth,issol,ismatic,isada,isavax,lifeday,dayscreated,is_active
0.08,1,98000.0,100000000.0,0.005751353610902459,10,1.0,1,6,0,0,0,0,0,656,656,1
0.03,1,80000.0,1e+17,0.0,10,2.0,0,10,1,1,0,0,0,311,311,0
0.6,1,1500000.0,100000000.0,0.055906972913565355,10,1.0,0,10,0,0,0,0,0,138,138,1
0.0,0,300000000.0,1e+17,0.011017612810448905,3,1.0,0,10,0,0,0,0,0,4,4,1
0.95,1,500000.0,1e+17,0.0,3,1.0,0,10,1,0,0,0,0,70,70,0
0.0,1,300000000.0,10000000.0,0.23179434320317208,10,1.0,0,10,0,0,0,0,0,80,80,1
0.04,6,2800000.0,1e+17,0.0,10,4.0,1,10,1,0,1,0,0,111,111,0
0.06,0,780000.0,100000000.0,0.033220571260125994,10,1.0,1,10,0,0,0,0,0,58,58,1
0.01,1,200000.0,980172456.0,0.021851935296705538,12,2.0,1,0,1,0,0,0,0,498,498,1
0.01,1,300000000.0,980172456.0,0.021851935296705538,10,2.0,1,0,1,0,0,0,0,498,498,1
0.05,2,2500000.0,1000000000.0,0.35696677906507784,1,1.0,0,10,1,0,0,0,0,60,60,1
0.01,1,300000000.0,980172456.0,0.021851935296705538,10,2.0,1,0,1,0,0,0,0,498,498,1
0.01,1,300000000.0,980172456.0,0.021851935296705538,10,2.0,1,0,1,0,0,0,0,498,498,1
0.01,1,300000000.0,980172456.0,0.021851935296705538,5,2.0,1,0,1,0,0,0,0,498,498,1
0.0,1,300000000.0,1000000.0,6.54056035308589e-10,10,1.0,1,10,0,0,0,0,0,587,656,0
0.024,5,1080000.0,1e+17,0.0,10,2.0,0,10,1,1,0,0,0,311,311,0
0.0175,6,200000.0,1e+17,0.0,10,2.0,0,10,1,1,0,0,0,311,311,0
2.7e-06,6,189000.0,1e+17,0.0,10,1.0,0,10,1,0,0,0,0,182,182,0
3.5,1,300000000.0,10000000.0,6.015256131773328,10,1.0,0,10,1,0,0,0,0,354,354,1
3.5,1,300000000.0,10000000.0,6.015256131773328,10,1.0,0,10,1,0,0,0,0,354,354,1
0.0,0,100000.0,100000000.0,0.00019945189739425655,10,2.0,1,10,1,0,0,0,0,126,159,0
3.5,1,150000.0,10000000.0,6.015256131773328,9,1.0,0,10,1,0,0,0,0,354,354,1
3.5,1,300000000.0,10000000.0,6.015256131773328,10,1.0,0,10,1,0,0,0,0,354,354,1
0.035,0,100000.0,3000000000.0,0.04143418786099972,10,1.0,0,10,0,0,0,0,0,325,325,1
0.04,1,800000.0,200000000.0,0.02809673692146034,10,5.0,1,10,1,0,1,0,0,179,179,1
0.18,5,9280000.0,10000000000.0,0.009330273127014614,10,1.0,0,10,0,0,1,0,0,123,430,0
0.0,2,300000000.0,2000000000.0,0.23162704148422317,1,1.0,0,10,1,0,0,0,0,584,584,1
0.5,1,1700000.0,1e+17,0.0,10,2.0,0,10,1,0,1,0,0,173,173,0
0.15,1,150000.0,809710000.0,0.016645072183708982,5,1.0,1,10,0,0,0,0,0,186,186,1
0.5,2,200000.0,1e+17,0.0,10,2.0,0,10,1,0,1,0,0,173,173,0
0.5,2,300000000.0,1e+17,0.0,10,2.0,0,10,1,0,1,0,0,173,173,0
1.8,0,5400000.0,100000000.0,5.009231992576461,2,3.0,1,10,1,0,0,0,0,32,32,1
0.03,0,300000000.0,1e+17,0.0,10,1.0,1,10,0,0,0,0,0,304,304,0
6.8e-05,1,100000.0,10000000000.0,2.50058852647933e-05,9,1.0,1,10,0,0,0,0,0,470,470,1
0.08,1,100000.0,300000000.0,0.06693599668641621,10,1.0,1,10,0,0,0,0,0,50,141,0
0.08,1,50000.0,300000000.0,0.06693599668641621,10,1.0,1,10,0,0,0,0,0,50,141,0
0.03,0,1000000.0,3000000000.0,0.04143418786099972,10,1.0,0,10,0,0,0,0,0,325,325,1
0.08,1,100000.0,300000000.0,0.06693599668641621,10,1.0,1,10,0,0,0,0,0,50,141,0
0.0175,6,700000.0,1e+17,0.0,10,2.0,0,10,1,1,0,0,0,311,311,0
0.08,1,100000.0,300000000.0,0.06693599668641621,10,1.0,1,10,0,0,0,0,0,50,141,0
0.08,1,100000.0,300000000.0,0.06693599668641621,9,1.0,1,10,0,0,0,0,0,50,141,0
0.006,1,150000.0,9562527108.0,0.0010085318356000995,10,1.0,0,10,1,0,0,0,0,330,330,1
0.006,1,100000.0,9562527108.0,0.0010085318356000995,10,1.0,0,10,1,0,0,0,0,330,330,1
0.006,1,190000.0,9562527108.0,0.0010085318356000995,10,1.0,0,10,1,0,0,0,0,330,330,1
0.006,1,200000.0,9562527108.0,0.0010085318356000995,12,1.0,0,10,1,0,0,0,0,330,330,1
0.0,1,300000000.0,1000000000.0,0.04513484466479425,10,1.0,0,5,0,0,0,0,0,130,130,1
0.01,5,400000.0,10000000000.0,5.882315034764959e-06,0,1.0,1,10,0,0,0,0,0,104,145,0
1.9e-05,0,1500000.0,300000000000.0,5.381266508983518e-06,10,1.0,0,10,1,0,0,0,0,141,141,1
0.0,0,300000000.0,10000000000.0,0.4462338995695812,1,1.0,0,10,0,0,0,0,0,432,432,1
0.065,1,200000.0,5000000000.0,6.220417394447036e-05,10,1.0,1,10,0,0,0,0,0,630,678,0
0.0,0,300000000.0,10000000000.0,5.882315034764959e-06,0,1.0,1,10,0,0,0,0,0,104,145,0
0.009,1,150000.0,3000000000.0,0.0012642359961071324,5,1.0,0,10,0,0,1,0,0,116,116,1
0.0293,5,100000.0,1e+17,0.0,10,3.0,1,10,0,0,0,0,0,377,377,0
0.05,2,2500000.0,1000000000.0,0.4449238336138826,1,3.0,1,10,1,0,1,0,0,149,149,1
0.03,0,300000.0,200000000.0,0.02809673692146034,10,5.0,1,10,1,0,1,0,0,179,179,1
0.03,0,4320000.0,10000000000.0,0.4462338995695812,10,1.0,0,10,0,0,0,0,0,432,432,1
0.1,0,22500000.0,10000000000.0,0.4462338995695812,10,1.0,0,10,0,0,0,0,0,432,432,1
0.1,0,22500000.0,10000000000.0,0.4462338995695812,10,1.0,0,10,0,0,0,0,0,432,432,1
0.0293,5,100000.0,1e+17,0.0,10,3.0,1,10,0,0,0,0,0,377,377,0
0.12,1,190000.0,149945000.0,0.17207465121021595,10,2.0,1,6,0,0,0,0,0,316,316,1
0.008,1,100000.0,1000000000.0,0.04079903102538474,10,2.0,1,0,1,0,0,0,0,159,159,1
0.008,1,400000.0,1000000000.0,0.04079903102538474,10,2.0,1,0,1,0,0,0,0,159,159,1
0.008,1,100000.0,1000000000.0,0.04079903102538474,10,2.0,1,0,1,0,0,0,0,159,159,1
0.008,1,120000.0,1000000000.0,0.04079903102538474,10,2.0,1,0,1,0,0,0,0,159,159,1
0.04,1,75000.0,1000000000.0,0.01120882499385751,10,2.0,0,10,1,0,1,0,0,157,157,1
0.8,1,50000.0,30000000.0,0.03856663558885579,10,1.0,1,10,0,0,0,0,0,207,207,1
0.8,1,125000.0,30000000.0,0.03856663558885579,9,1.0,1,10,0,0,0,0,0,207,207,1
0.16,2,150000.0,240000000.0,0.023411452414880726,7,1.0,0,10,0,0,0,0,0,177,177,1
0.8,1,300000.0,30000000.0,0.03856663558885579,10,1.0,1,10,0,0,0,0,0,207,207,1
0.0175,6,1225000.0,1e+17,0.0,10,2.0,0,10,1,1,0,0,0,311,311,0
0.001,0,29000.0,300000000.0,6.68143290567615e-05,10,1.0,0,10,0,0,0,0,0,181,181,1
0.15,1,150000.0,100000000.0,0.002392913077261939,10,1.0,1,10,0,0,0,0,0,185,185,1
0.02,1,1250000.0,1e+17,0.0,10,1.0,1,10,0,0,0,0,0,195,195,0
0.02,1,1250000.0,1e+17,0.0,10,1.0,1,10,0,0,0,0,0,195,195,0
0.0,0,200000.0,20000000.0,0.0015209120694356635,10,1.0,1,10,0,0,0,0,0,182,193,0
0.01,0,5000000.0,25000000000.0,0.010140686663202156,8,1.0,1,10,0,0,0,0,0,184,184,1
0.075,1,300000000.0,300000000.0,0.0029080540101566895,10,1.0,0,10,0,1,0,0,0,210,210,1
0.0,0,300000.0,100000000.0,0.00021274337038286657,10,2.0,1,10,1,0,0,0,0,202,202,1
0.2,0,1000000.0,1e+17,0.0,10,1.0,1,10,0,0,0,0,0,234,234,0
0.015,4,900000.0,1000000000.0,0.018462261417466694,10,4.0,1,10,1,0,0,1,0,195,195,1
0.0,0,300000000.0,10000000000.0,3.85505075792721e-06,10,1.0,1,10,0,0,0,0,0,542,623,0
0.2,0,1000000.0,1e+17,0.0,10,1.0,1,10,0,0,0,0,0,234,234,0
0.3,0,4500000.0,125000000.0,0.01994130634900176,10,1.0,0,10,1,0,0,0,0,222,222,1
0.3,0,4500000.0,125000000.0,0.01994130634900176,10,1.0,0,10,1,0,0,0,0,222,222,1
0.0,0,64000.0,1e+17,4.54335742247e-13,10,1.0,1,10,0,0,0,0,0,348,348,1
0.04,3,400000.0,300000000.0,0.03166451007641737,10,2.0,0,3,0,0,0,0,0,215,215,1
0.3,1,960000.0,240000000.0,0.07306216064782674,10,1.0,0,10,0,0,1,0,0,203,203,1
0.0,0,300000.0,100000.0,0.20826067501562157,10,1.0,1,10,0,0,0,0,0,160,244,0
0.04,3,1400000.0,1000000000.0,8.734537168582868e-05,10,1.0,1,10,0,0,0,0,0,245,245,1
0.018,1,300000000.0,1e+17,4.929517341321957e-05,10,1.0,1,10,0,0,0,0,0,603,665,0
0.018,1,300000000.0,1e+17,4.929517341321957e-05,10,1.0,1,10,0,0,0,0,0,603,665,0
0.095,5,50000.0,100000000.0,0.024433563046138303,10,2.0,1,10,0,0,0,0,0,520,520,1
0.85,1,300000000.0,1e+17,0.18799622376316297,10,1.0,0,10,0,0,0,1,0,649,649,1
0.035,1,875000.0,1000000000.0,0.002126146261728076,10,3.0,1,10,0,0,0,0,0,470,470,1
0.009,1,200000.0,313498359.37,0.0037334398935338,12,1.0,0,10,0,0,1,0,0,349,349,1
0.0293,5,1000000.0,1e+17,0.0,10,3.0,1,10,0,0,0,0,0,377,377,0
0.0293,5,1000000.0,1e+17,0.0,10,3.0,1,10,0,0,0,0,0,377,377,0
0.8,1,300000000.0,1e+17,0.8141540664597751,10,1.0,0,10,1,0,0,0,0,73,313,0
0.045,1,70000.0,100000000.0,1.5461377802868583e-05,10,1.0,1,10,0,0,0,0,0,175,314,0
0.04,1,300000000.0,10000000000.0,0.00012063839287146879,10,1.0,0,10,0,0,1,0,0,320,320,1
0.1,2,2500000.0,500000000.0,0.831956602565064,1,1.0,1,10,0,0,0,0,0,289,289,1
0.04,1,50000.0,10000000000.0,0.00012063839287146879,10,1.0,0,10,0,0,1,0,0,320,320,1
0.002,5,5000.0,1e+17,0.0,10,1.0,0,10,0,0,0,0,0,320,320,0
0.01,1,300000000.0,1e+17,156.19703841567335,10,1.0,0,10,0,0,1,0,0,87,599,0
0.0016,1,575000.0,1e+17,0.0003950255189433976,3,2.0,1,10,0,0,0,0,0,324,324,1
0.075,1,50000.0,100000000.0,0.048235325538102294,10,1.0,1,10,0,0,0,0,0,41,335,0
0.075,1,50000.0,100000000.0,0.048235325538102294,10,1.0,1,10,0,0,0,0,0,41,335,0
0.02,1,50000.0,1e+17,0.0,10,1.0,0,10,0,0,0,0,0,312,312,0
0.03,1,55000.0,1000000000.0,0.0004781125262628479,5,1.0,0,10,1,0,0,0,0,310,310,1
0.04,1,190000.0,10000000000.0,0.00012063839287146879,13,1.0,0,10,0,0,1,0,0,320,320,1
0.0,1,300000000.0,1000000000.0,0.002128008262987817,10,1.0,0,10,0,0,0,0,0,563,563,1
0.05,1,125000.0,100000000.0,0.048235325538102294,10,1.0,1,10,0,0,0,0,0,41,335,0
0.013,1,150000.0,1e+17,0.0,12,1.0,1,10,0,0,0,0,0,472,472,0
0.03,1,90000.0,100000000.0,0.048235325538102294,10,1.0,1,10,0,0,0,0,0,41,335,0
0.95,1,150000.0,1e+17,0.0,9,1.0,0,10,0,0,0,0,0,419,419,0
0.07,2,300000000.0,900000000.0,0.019599791277144177,10,1.0,0,10,1,0,0,0,0,142,327,0
0.0,4,300000000.0,1e+17,0.0,10,7.0,1,10,1,0,1,0,1,555,555,0
0.062,1,300000000.0,1e+17,0.0,10,7.0,1,10,1,0,1,0,1,555,555,0
0.025,3,1750000.0,1000000000.0,0.01877854036976392,10,2.0,1,10,0,0,0,0,0,326,326,1
0.0,0,500000.0,38000000000.0,2.9847518163103185e-06,10,1.0,1,10,0,0,0,0,0,704,704,1
0.0021,5,30000.0,1000000000.0,0.00033713197728050555,10,1.0,1,10,0,0,0,0,0,684,684,1
0.095,5,50000.0,100000000.0,0.024433563046138303,10,2.0,1,10,0,0,0,0,0,520,520,1
0.07,1,50000.0,500000000000.0,0.00989814639406772,10,1.0,0,10,0,0,0,0,0,439,439,1
0.035,3,1000000.0,1000000000.0,0.0002153028735598736,10,1.0,1,10,0,0,0,0,0,343,343,1
0.014,0,9500000.0,1000000000.0,0.048605928240297316,10,1.0,0,10,1,0,0,0,0,134,346,0
0.00091,1,150000.0,1e+17,0.0,10,1.0,0,10,0,0,0,0,0,619,619,0
0.00091,1,120000.0,1e+17,0.0,10,1.0,0,10,0,0,0,0,0,619,619,0
0.035,1,1470000.0,999999545.0,0.004231965877198154,10,2.0,1,10,1,0,0,0,0,787,787,1
0.25,1,8750000.0,100000000.0,0.0,10,1.0,0,10,1,0,0,0,0,314,459,0
0.18,0,24450000.0,1000000000.0,0.010166974098471218,10,1.0,1,10,0,0,0,0,0,585,585,1
0.007142857,1,300000000.0,22499742788.614,0.007314322874087276,3,2.0,0,6,1,0,0,0,0,369,369,1
0.0024,1,50000.0,9900000000.0,0.0001000235410591732,10,1.0,0,10,0,0,1,0,0,678,678,1
0.2,1,50000.0,1e+17,0.0,10,1.0,0,10,0,0,0,0,0,387,387,0
0.075,3,2100000.0,1000000000.0,0.035790860943005924,10,3.0,1,5,1,0,0,0,0,515,515,1
0.04,1,30000.0,988783240.0,0.0014803484076757632,10,1.0,1,10,0,0,0,0,0,608,608,1
0.005,2,25000.0,1000000000.0,0.0013527778935253753,10,1.0,0,10,1,0,0,0,0,383,383,1
0.0024,1,75000.0,9900000000.0,0.0001000235410591732,9,1.0,0,10,0,0,1,0,0,678,678,1
0.0026,1,50000.0,9900000000.0,0.0001000235410591732,10,1.0,0,10,0,0,1,0,0,678,678,1
0.0024,1,50000.0,9900000000.0,0.0001000235410591732,10,1.0,0,10,0,0,1,0,0,678,678,1
3.5e-05,1,32000.0,900000000.0,1.8123857999154772e-05,10,1.0,1,10,0,0,0,0,0,168,410,0
3.5e-05,1,32000.0,900000000.0,1.8123857999154772e-05,3,1.0,1,10,0,0,0,0,0,168,410,0
6.1875e-08,1,100000.0,8000000000000.0,1.168537900023397e-09,10,1.0,1,10,0,0,0,0,0,315,408,0
0.25,1,8750000.0,100000000.0,0.0,10,1.0,0,10,1,0,0,0,0,314,459,0
0.0,1,300000000.0,238000000.0,9.459875210602619e-05,10,1.0,0,10,1,0,0,0,0,101,472,0
0.04,3,2000000.0,203033627.010316,0.04705794769493372,10,1.0,1,10,0,0,0,0,0,426,426,1
0.095,5,50000.0,100000000.0,0.024433563046138303,10,2.0,1,10,0,0,0,0,0,520,520,1
0.0,0,300000000.0,1e+17,0.0,9,1.0,1,10,0,0,0,0,0,468,468,0
0.4,1,300000000.0,100000000.0,0.002029856145797951,10,1.0,0,10,1,0,0,0,0,524,524,1
0.4,1,500000.0,100000000.0,0.002029856145797951,10,1.0,0,10,1,0,0,0,0,524,524,1
0.0,0,300000000.0,100000000.0,0.00992233527306998,12,3.0,1,10,1,0,0,0,0,485,485,1
0.0,1,300000000.0,427278253.0,0.034517696785412215,10,1.0,1,10,0,0,0,0,0,478,478,1
0.01,1,800000.0,500000000.0,9.0629470116529e-05,10,1.0,1,10,0,0,0,0,0,185,431,0
0.8,1,32000.0,800000000.0,0.015823880297486718,10,1.0,0,10,0,0,0,0,0,495,495,1
1.215e-05,0,300000000.0,999999999999.0,3.1855817816331016e-08,10,1.0,1,10,0,0,0,0,0,345,462,0
0.008,2,50000.0,800942371.0,0.002020750205408336,10,1.0,1,6,0,0,0,0,0,467,467,1
6.5e-05,2,100000.0,889689906818.948,1.4906527479492727e-07,10,1.0,1,10,0,0,0,0,0,507,507,1
0.8,1,32000.0,800000000.0,0.015823880297486718,10,1.0,0,10,0,0,0,0,0,495,495,1
0.0,1,150000.0,1e+17,0.0,10,1.0,0,10,0,0,0,0,0,470,470,0
0.006,0,300000000.0,64285009000.0,3.345256525228633e-07,10,1.0,0,10,0,1,0,0,0,544,544,1
0.008,1,11700.0,800942371.0,0.002020750205408336,10,1.0,1,6,0,0,0,0,0,467,467,1
0.008,1,50000.0,800942371.0,0.002020750205408336,10,1.0,1,6,0,0,0,0,0,467,467,1
0.0,0,300000000.0,125000000.0,0.00790218990853762,10,3.0,1,0,1,0,0,0,1,480,480,1
0.03,1,300000000.0,1e+17,0.0,10,1.0,0,10,0,0,0,0,0,470,470,0
0.008,1,46800.0,800942371.0,0.002020750205408336,10,1.0,1,6,0,0,0,0,0,467,467,1
0.008,1,20000.0,800942371.0,0.002020750205408336,10,1.0,1,6,0,0,0,0,0,467,467,1
0.8,1,300000000.0,800000000.0,0.015823880297486718,10,1.0,0,10,0,0,0,0,0,495,495,1
9e-06,0,300000000.0,999999999999.0,3.1855817816331016e-08,10,1.0,1,10,0,0,0,0,0,345,462,0
0.09,0,300000000.0,300000000.0,0.000605081769252995,10,1.0,0,10,1,0,0,0,0,220,450,0
0.008,1,50000.0,800942371.0,0.002020750205408336,10,1.0,1,6,0,0,0,0,0,467,467,1
6.6e-08,1,55000.0,1e+17,0.0,10,1.0,1,10,0,0,0,0,0,492,492,0
0.008,1,100000.0,680000000.0,1.6910133234962074e-05,10,1.0,1,10,0,0,0,0,0,525,615,0
0.03,0,300000000.0,1e+17,0.0,9,1.0,0,10,0,0,0,0,0,470,470,0
0.02,5,300000000.0,1e+17,0.0,10,1.0,0,10,0,0,0,0,0,470,470,0
0.01,6,300000000.0,1e+17,0.0,10,1.0,0,10,0,0,0,0,0,470,470,0
0.006,0,300000000.0,64285009000.0,3.345256525228633e-07,10,1.0,0,10,0,1,0,0,0,544,544,1
0.02,1,250000.0,1e+17,0.0,5,1.0,0,10,0,0,0,0,0,508,508,0
0.02,1,100000.0,1e+17,0.0,10,1.0,1,10,0,0,0,0,0,472,472,0
0.012,0,300000000.0,1e+17,0.0,9,1.0,1,10,0,0,0,0,0,470,470,0
0.17,1,1785000.0,14000000.0,0.004241010195119423,0,1.0,1,6,0,0,0,0,0,457,457,1
0.59,0,300000000.0,1e+17,0.2469648540646395,10,1.0,1,10,0,0,0,0,0,466,466,1
0.05,0,300000000.0,1e+17,0.0,9,1.0,0,10,0,0,0,0,0,470,470,0
0.8,1,32000.0,800000000.0,0.015823880297486718,10,1.0,0,10,0,0,0,0,0,495,495,1
0.0049,0,300000000.0,1e+17,4.6154834414683885e-06,10,1.0,1,10,0,0,0,0,0,198,466,0
0.13,0,300000000.0,480000000.0,0.006233337814029073,10,1.0,0,10,0,0,0,1,0,709,709,1
0.012,0,300000000.0,1e+17,0.0,10,1.0,0,10,0,0,0,0,0,479,479,0
0.0055,0,300000000.0,64285009000.0,3.345256525228633e-07,10,1.0,0,10,0,1,0,0,0,544,544,1
0.8,1,20000.0,800000000.0,0.015823880297486718,10,1.0,0,10,0,0,0,0,0,495,495,1
0.0,4,300000000.0,12000000000.0,9.618236244103177e-05,10,1.0,0,10,0,0,0,0,0,1112,1112,1
0.15,5,20000.0,1e+17,0.0,10,1.0,0,10,0,0,0,0,0,508,508,0
0.03,1,50000.0,1000000000.0,0.0008407126393400609,10,1.0,0,10,0,0,1,0,0,542,542,1
0.0005,0,3681841.0,1e+17,0.0,10,1.0,1,10,0,0,0,0,0,459,459,0
0.005,0,300000000.0,64285009000.0,3.345256525228633e-07,10,1.0,0,10,0,1,0,0,0,544,544,1
0.002,0,43039.0,29000000000.0,6.164844620989765e-06,10,1.0,1,10,0,0,0,0,0,472,472,1
0.0,0,300000000.0,125000000.0,0.00790218990853762,3,3.0,1,0,1,0,0,0,1,480,480,1
0.011,0,300000000.0,1000000000.0,0.0001675301366381178,10,1.0,1,10,0,0,0,0,0,516,516,1
0.012,0,300000000.0,1e+17,0.0,10,1.0,0,10,0,0,0,0,0,479,479,0
0.012,0,300000000.0,1e+17,1.4797336304343558e-05,10,1.0,1,10,0,0,0,0,0,157,479,0
0.012,0,300000000.0,1e+17,1.4797336304343558e-05,10,1.0,1,10,0,0,0,0,0,157,479,0
0.02,0,100000.0,1e+17,0.0,10,1.0,0,10,0,0,0,0,0,569,569,0
0.039,1,100000.0,1e+17,0.0,10,1.0,1,10,0,0,0,0,0,697,697,0
0.02,0,150000.0,1e+17,0.0,5,1.0,0,10,0,0,0,0,0,569,569,0
0.051,1,153550.62,1e+17,0.0,10,1.0,1,10,0,0,0,0,0,529,529,0
0.06,2,160000.0,600000000.0,0.004910549861819284,10,1.0,1,10,0,0,0,0,0,614,614,1
2.5,6,243125.0,1e+17,0.0,10,1.0,1,10,0,0,0,0,0,568,568,0
0.03,0,1000000.0,1e+17,0.0,10,1.0,0,10,0,0,0,0,0,523,523,0
0.001,1,50000.0,1e+17,0.0,10,2.0,1,10,0,1,0,0,0,527,527,0
0.016,1,448000.0,3000000000.0,1.7564718791746874e-05,10,1.0,1,10,0,0,0,0,0,140,596,0
0.0,0,300000000.0,1000000000.0,0.024084170617541957,10,1.0,0,10,0,0,1,0,0,504,543,0
0.06,2,150000.0,600000000.0,0.004910549861819284,10,1.0,1,10,0,0,0,0,0,614,614,1
0.02,1,50000.0,1e+17,2.8746577780654598e-05,10,1.0,1,10,0,0,0,0,0,300,642,0
0.025,2,300000000.0,1e+17,0.0,10,1.0,1,10,0,0,0,0,0,701,701,0
0.06,2,150000.0,600000000.0,0.004910549861819284,10,1.0,1,10,0,0,0,0,0,614,614,1
0.02,1,50000.0,1e+17,2.8746577780654598e-05,10,1.0,1,10,0,0,0,0,0,300,642,0
0.018,1,150000.0,2000000000.0,0.000142490215826687,10,1.0,1,6,0,0,0,0,0,544,544,1
0.03,1,100000.0,1e+17,0.0,10,1.0,0,6,0,0,0,0,0,556,556,0
0.03,1,80000.0,1e+17,0.0,10,1.0,0,6,0,0,0,0,0,556,556,0
0.03,1,50000.0,1e+17,0.0,10,1.0,0,6,0,0,0,0,0,556,556,0
0.018,1,250000.0,2000000000.0,0.000142490215826687,10,1.0,1,6,0,0,0,0,0,544,544,1
0.018,1,50000.0,2000000000.0,0.000142490215826687,10,1.0,1,6,0,0,0,0,0,544,544,1
0.018,1,100000.0,2000000000.0,0.000142490215826687,10,1.0,1,6,0,0,0,0,0,544,544,1
0.03,1,47500.0,1e+17,0.0,10,1.0,0,6,0,0,0,0,0,556,556,0
0.02,1,30000.0,500000000.0,0.004610100498981085,10,1.0,1,10,0,0,0,0,0,127,517,0
0.018,1,150000.0,2000000000.0,0.000142490215826687,10,1.0,1,6,0,0,0,0,0,544,544,1
0.03,1,300000000.0,500000000.0,1.0293498766670478e-05,10,1.0,1,10,0,0,0,0,0,231,555,0
0.03,1,100000.0,1e+17,0.0,10,1.0,0,6,0,0,0,0,0,556,556,0
0.02,1,50000.0,500000000.0,0.004610100498981085,10,1.0,1,10,0,0,0,0,0,127,517,0
0.03,1,150000.0,1e+17,0.0,10,1.0,0,6,0,0,0,0,0,556,556,0
0.03,1,50000.0,1e+17,0.0,10,1.0,0,6,0,0,0,0,0,556,556,0
0.01,1,300000000.0,1000000000.0,0.00015480265931584655,10,1.0,1,10,0,0,0,0,0,513,556,0
0.02,1,80000.0,500000000.0,0.004610100498981085,10,1.0,1,10,0,0,0,0,0,127,517,0
0.0,0,300000000.0,1000000000.0,0.024084170617541957,10,1.0,0,10,0,0,1,0,0,504,543,0
0.02,1,1250000.0,999999999.0,0.004088962358498999,11,1.0,0,10,0,0,1,0,0,657,657,1
0.05,1,200000.0,1e+17,0.002632257952930831,6,1.0,0,10,0,1,0,0,0,627,627,1
0.017,1,50000.0,1e+17,2.8746577780654598e-05,10,1.0,1,10,0,0,0,0,0,300,642,0
0.02,1,300000000.0,500000000.0,0.004610100498981085,10,1.0,1,10,0,0,0,0,0,127,517,0
0.02,2,50000.0,500000000.0,0.004610100498981085,10,1.0,1,10,0,0,0,0,0,127,517,0
0.03,1,300000000.0,500000000.0,1.0293498766670478e-05,10,1.0,1,10,0,0,0,0,0,231,555,0
0.017,5,80000.0,1e+17,2.8746577780654598e-05,10,1.0,1,10,0,0,0,0,0,300,642,0
0.1,1,200000.0,188000000.0,0.0018904449260183733,12,1.0,1,10,0,0,0,0,0,528,528,1
0.03,1,300000000.0,500000000.0,1.0293498766670478e-05,10,1.0,1,10,0,0,0,0,0,231,555,0
0.125,1,100000.0,1e+17,0.0,1,1.0,0,10,0,0,0,0,0,580,580,0
0.06,1,300000000.0,97681740.0,0.00021799505419961687,10,1.0,1,10,0,0,0,0,0,409,530,0
0.1,1,100000.0,188000000.0,0.0018904449260183733,10,1.0,1,10,0,0,0,0,0,528,528,1
0.1,1,100000.0,188000000.0,0.0018904449260183733,10,1.0,1,10,0,0,0,0,0,528,528,1
0.02,1,100000.0,500000000.0,0.00011932332259972112,10,1.0,1,6,0,0,0,0,0,491,544,0
0.03,1,300000000.0,500000000.0,1.0293498766670478e-05,10,1.0,1,10,0,0,0,0,0,231,555,0
0.03,1,80000.0,1e+17,0.0,10,1.0,0,5,0,0,0,0,0,536,536,0
0.06,1,60000.0,97681740.0,0.00021799505419961687,10,1.0,1,10,0,0,0,0,0,409,530,0
0.0073,1,349920.0,1e+17,0.0,10,1.0,0,10,0,0,0,0,0,643,643,0
0.15,5,50000.0,1e+17,0.0,10,1.0,1,10,0,0,0,0,0,565,565,0
0.08,1,190000.0,1e+17,0.0,13,1.0,0,6,0,0,0,0,0,542,542,0
0.0,1,8400000.0,1e+17,0.0,10,1.0,1,10,0,0,0,0,0,533,533,0
0.046,1,161500.0,1e+17,0.0,13,1.0,0,6,0,0,0,0,0,544,544,0
0.05,1,200000.0,1e+17,0.002632257952930831,10,1.0,0,10,0,1,0,0,0,627,627,1
0.012,5,75000.0,2000000000.0,0.000142490215826687,10,1.0,1,6,0,0,0,0,0,544,544,1
0.1,1,100000.0,188000000.0,0.0018904449260183733,10,1.0,1,10,0,0,0,0,0,528,528,1
0.06,1,240000.0,97681740.0,0.00021799505419961687,10,1.0,1,10,0,0,0,0,0,409,530,0
0.04,1,300000.0,1e+17,0.0,5,1.0,0,10,0,0,0,0,0,542,542,0
0.045,1,198000.0,200000000.0,0.006560433854680348,10,3.0,1,10,1,1,0,0,0,504,619,0
0.045,1,50000.0,200000000.0,0.006560433854680348,10,3.0,1,10,1,1,0,0,0,504,619,0
0.03,1,120000.0,1100000000.0,0.0011206015322728835,10,3.0,1,10,1,0,0,0,0,572,572,1
0.07,1,200000.0,1e+17,0.0009312191672609025,10,1.0,0,3,1,0,0,0,0,536,536,1
0.02,1,100000.0,500000000.0,0.00011932332259972112,9,1.0,1,6,0,0,0,0,0,491,544,0
0.02,1,150000.0,500000000.0,0.00011932332259972112,10,1.0,1,6,0,0,0,0,0,491,544,0
0.02,1,100000.0,500000000.0,0.00011932332259972112,10,1.0,1,6,0,0,0,0,0,491,544,0
0.099,1,300000000.0,9999999999.0,0.0008092171314969071,10,4.0,1,10,1,0,1,0,1,430,542,0
0.017,5,50000.0,1e+17,2.8746577780654598e-05,10,1.0,1,10,0,0,0,0,0,300,642,0
0.03,1,180000.0,1100000000.0,0.0011206015322728835,10,3.0,1,10,1,0,0,0,0,572,572,1
0.04,1,3600000.0,1000000000.0,0.0010733783225426792,10,1.0,1,10,0,0,0,0,0,608,608,1
0.013,1,150000.0,1500000000.0,0.0002848389949900746,5,1.0,1,2,0,0,0,0,0,555,555,1
0.02,1,150000.0,500000000.0,0.00011932332259972112,10,1.0,1,6,0,0,0,0,0,491,544,0
0.02,1,150000.0,500000000.0,0.00011932332259972112,10,1.0,1,6,0,0,0,0,0,491,544,0
0.02,1,100000.0,500000000.0,0.00011932332259972112,10,1.0,1,6,0,0,0,0,0,491,544,0
0.02,1,250000.0,500000000.0,0.00011932332259972112,5,1.0,1,6,0,0,0,0,0,491,544,0
0.025,1,400000.0,1000000000.0,0.0003811918431999384,10,1.0,1,10,0,0,0,0,0,567,633,0
1.5,2,7500000.0,50000000.0,0.22234990633824647,10,1.0,1,10,0,0,0,0,0,688,688,1
0.1,1,3000000.0,1000000000.0,0.0038600548206113895,11,1.0,0,10,1,0,0,0,0,544,544,1
0.125,1,300000000.0,1e+17,0.0,10,1.0,1,10,0,0,0,0,0,608,608,0
0.006,5,75000.0,1000000000.0,0.00015480265931584655,10,1.0,1,10,0,0,0,0,0,513,556,0
0.000732,1,332727.0,1308785588.0,0.0002494131638186178,10,1.0,0,5,1,0,0,0,0,475,536,0
0.16,1,190000.0,100000000.0,0.00013395524184176057,13,1.0,1,10,0,0,0,0,0,511,559,0
0.55,1,1100000.0,1e+17,0.01961592003576671,10,1.0,0,3,0,0,0,0,1,542,542,1
0.01,1,300000000.0,1000000000.0,0.00015480265931584655,10,1.0,1,10,0,0,0,0,0,513,556,0
0.04,1,2000000.0,1000000000.0,0.017385121355105983,10,1.0,0,3,0,0,0,0,0,504,504,1
0.045,1,304000.0,1e+17,0.0,13,1.0,0,6,0,0,0,0,0,556,556,0
0.01,1,95000.0,1000000000.0,0.00015480265931584655,10,1.0,1,10,0,0,0,0,0,513,556,0
0.04,1,150000.0,500000000.0,0.0004166322197277195,10,1.0,1,10,0,0,0,0,0,545,618,0
0.5,1,200000.0,1e+17,0.02095003964051538,8,1.0,0,2,0,0,1,0,0,554,554,1
0.012,1,1000000.0,1500000000.0,0.00012675168563393608,10,1.0,0,6,0,1,0,0,0,513,541,0
0.012,1,70000.0,1500000000.0,0.00012675168563393608,10,1.0,0,6,0,1,0,0,0,513,541,0
0.06,1,380000.0,583153931.0,4.427031093359427e-05,13,1.0,1,6,0,0,0,0,0,544,544,1
0.15,1,400000.0,1e+17,0.00047077041460666234,11,1.0,0,10,0,0,0,0,1,481,590,0
0.01,1,100000.0,1000000000.0,0.00015480265931584655,10,1.0,1,10,0,0,0,0,0,513,556,0
0.018,1,75000.0,2000000000.0,0.000142490215826687,9,1.0,1,6,0,0,0,0,0,544,544,1
0.02,1,200000.0,30048570.0,0.02279052671028771,10,1.0,1,10,0,0,0,0,0,358,640,0
0.02,1,400000.0,1000000000.0,0.00038222832910993275,10,1.0,1,10,0,0,0,0,0,571,571,1
0.05,1,300000000.0,400000000.0,0.00012386219390542644,13,1.0,1,6,0,0,0,0,0,537,537,1
0.025,1,100000.0,1e+17,0.0,10,1.0,0,10,0,1,0,0,0,577,577,0
0.02,1,50000.0,1000000000.0,0.00038222832910993275,10,1.0,1,10,0,0,0,0,0,571,571,1
0.005,2,150000.0,5000000000.0,0.0003920555893906492,7,1.0,1,10,0,0,0,0,0,551,551,1
0.1,1,150000.0,100000000.0,0.0012441742831641371,9,1.0,1,6,0,0,0,0,0,556,556,1
0.0378,1,300000.0,500000000.0,0.0008637884939477773,10,2.0,1,10,0,0,0,1,0,641,641,1
0.0378,1,400000.0,500000000.0,0.0008637884939477773,0,2.0,1,10,0,0,0,1,0,641,641,1
0.0378,1,500000.0,500000000.0,0.0008637884939477773,10,2.0,1,10,0,0,0,1,0,641,641,1
1.0,1,190000.0,99999268.0,0.010559911074654888,13,1.0,1,10,0,0,0,0,0,600,600,1
0.04,1,190000.0,200000000.0,0.004379832724945853,13,1.0,0,2,0,0,0,0,0,141,577,0
0.03,1,100000.0,1000000000.0,0.00044391762348048176,10,1.0,1,6,0,0,0,0,0,285,547,0
0.03,1,50000.0,1000000000.0,0.00044391762348048176,10,1.0,1,6,0,0,0,0,0,285,547,0
0.075,2,300000000.0,1e+17,0.7425517573017992,10,1.0,0,6,0,0,0,0,0,453,555,0
0.04,1,100000.0,1e+17,0.0010457374471483849,4,1.0,1,10,0,0,0,0,0,165,549,0
0.022,1,200000.0,1000000000.0,0.0001716319475734934,5,1.0,0,6,0,0,1,0,0,543,543,1
0.12,1,200000.0,300000000.0,0.0013577184446849704,13,1.0,1,6,0,0,0,0,0,563,563,1
0.03,4,57000.0,1000000000.0,0.00044391762348048176,10,1.0,1,6,0,0,0,0,0,285,547,0
0.18,1,218559.0,1e+17,0.0009181554848577359,13,1.0,0,6,0,0,0,0,0,165,563,0
0.18,1,190018.0,1e+17,0.0012528457526952586,13,1.0,1,6,0,0,0,0,0,341,563,0
0.0002,1,1970000.0,210000000000.0,1.1368582592368547e-06,10,1.0,1,10,0,0,0,0,0,435,550,0
0.02,1,400000.0,1000000000.0,0.00038222832910993275,10,1.0,1,10,0,0,0,0,0,571,571,1
0.032,1,150000.0,500000000.0,1.9601731664854674e-06,13,1.0,0,6,0,1,0,0,0,520,535,0
0.03,1,142500.0,1000000000.0,0.00044391762348048176,13,1.0,1,6,0,0,0,0,0,285,547,0
0.7,1,164714.0,100000000.0,0.07916335625358753,10,2.0,0,6,1,0,1,0,0,633,633,1
0.0,1,300000000.0,420000000.0,0.0008941841973251165,10,3.0,1,10,1,0,1,0,0,841,841,1
0.19,1,150004.0,1e+17,0.002322989725690017,10,1.0,1,10,0,0,0,0,0,570,570,1
0.1,1,106800.0,1500000000.0,0.002405981614897808,10,1.0,1,6,0,0,0,0,0,540,556,0
0.01,1,200000.0,1e+17,0.000504590423231201,6,2.0,1,10,0,0,1,0,0,601,601,1
0.01,1,50000.0,1e+17,0.000504590423231201,13,2.0,1,10,0,0,1,0,0,601,601,1
0.01,1,50000.0,1e+17,0.000504590423231201,10,2.0,1,10,0,0,1,0,0,601,601,1
0.045,0,300000000.0,500000000.0,0.00021636366146578562,7,1.0,1,6,0,0,0,0,0,555,555,1
0.1,2,1200000.0,1000000000.0,0.014952655725179254,10,1.0,0,10,0,0,0,0,0,571,571,1
0.025,1,200000.0,1000000000.0,0.008534308329183393,10,2.0,1,3,1,0,0,0,0,183,566,0
0.0045,1,500000.0,12500000000.0,0.00010821472336274033,10,3.0,1,3,1,0,1,0,0,601,601,1
0.01,1,200000.0,1000000000.0,0.0005000524261592084,13,1.0,0,10,0,1,0,0,0,628,629,1
0.04,1,200000.0,1000000000.0,0.0016086451000925813,5,1.0,1,3,0,0,0,0,0,569,569,1
0.1,1,150000.0,59283090.0,0.05207501024611517,6,1.0,0,6,0,0,1,0,0,569,569,1
0.0002,1,100000.0,7777777777.0,0.0004344000824898095,10,5.0,1,10,1,0,1,0,1,565,565,1
0.02,1,142500.0,1e+17,0.0,5,1.0,0,10,0,0,0,0,0,569,569,0
0.0067,1,300000000.0,100000000.0,0.0030391302502244377,10,1.0,1,10,0,0,0,0,0,42,566,0
0.3,1,150000.0,50000000.0,0.049474349708855676,10,1.0,1,10,0,0,0,0,0,435,579,0
0.01,2,4200000.0,5417564016.2661495,0.15611986745381876,1,3.0,1,6,1,1,0,0,0,556,556,1
0.012,1,120000.0,1e+17,0.0,10,1.0,0,10,0,0,0,0,0,569,569,0
0.4,1,400000.0,1e+17,0.008074145088977696,11,1.0,1,10,0,0,0,0,0,605,605,1
0.7,1,163714.0,100000000.0,0.07916335625358753,10,2.0,0,6,1,0,1,0,0,633,633,1
0.004,1,150000.0,1e+17,0.0001272299442272683,5,1.0,0,5,0,0,0,0,0,569,569,1
0.15,2,150000.0,1e+17,0.003829495296662603,7,1.0,1,10,0,0,0,0,0,577,577,1
0.0002,1,300000000.0,210000000000.0,1.1368582592368547e-06,10,1.0,1,10,0,0,0,0,0,435,550,0
0.7,1,100000.0,100000000.0,0.07916335625358753,9,2.0,0,6,1,0,1,0,0,633,633,1
6e-11,1,200000.0,4.3060225e+16,4.7758907402e-14,10,1.0,1,10,0,0,0,0,0,579,579,1
0.0003,1,200000.0,21756488806.0,0.0004152642647256027,10,2.0,1,3,1,0,0,0,0,675,675,1
0.7,1,200000.0,100000000.0,0.07916335625358753,10,2.0,0,6,1,0,1,0,0,633,633,1
0.0002,1,300000000.0,210000000000.0,1.1368582592368547e-06,10,1.0,1,10,0,0,0,0,0,435,550,0
0.04,1,360000.0,1e+17,0.0,10,1.0,1,10,0,0,0,0,0,607,607,0
0.7,5,0.0,1e+17,0.0006510532287541584,10,1.0,0,10,1,0,0,0,0,471,471,1
1.3e-06,1,240000.0,1000000000000.0,5.8260615783420926e-08,10,1.0,1,10,0,0,0,0,0,105,584,0
0.035,1,245000.0,1e+17,2.4113908089939356e-05,11,1.0,1,10,0,0,0,0,0,620,620,1
0.03,1,600000.0,1000000000.0,0.0005727632237758673,10,1.0,0,6,0,1,0,0,0,570,570,1
0.06,1,300000000.0,1000000000.0,0.00011969120407381116,10,1.0,0,10,0,1,0,0,0,640,640,1
0.0015,5,400000.0,5000000000.0,6.220417394447036e-05,10,1.0,1,10,0,0,0,0,0,630,678,0
0.06,1,300000000.0,1000000000.0,0.00011969120407381116,10,1.0,0,10,0,1,0,0,0,640,640,1
0.00075,1,15000000.0,100000000000.0,0.00020291854728531083,10,1.0,0,10,1,0,0,0,0,41,590,0
0.0015,5,700000.0,5000000000.0,6.220417394447036e-05,10,1.0,1,10,0,0,0,0,0,630,678,0
1.0,2,300000000.0,40000000.0,1.8537260062934238,1,1.0,1,10,0,0,0,0,0,572,572,1
0.5,1,100000.0,100000000.0,0.009956400077429999,10,1.0,1,6,0,0,0,0,0,635,635,1
0.5,1,200000.0,100000000.0,0.009956400077429999,10,1.0,1,6,0,0,0,0,0,635,635,1
0.5,1,50000.0,100000000.0,0.009956400077429999,10,1.0,1,6,0,0,0,0,0,635,635,1
0.0,1,300000000.0,1e+17,4.925470939622919e-06,10,1.0,1,10,0,0,0,0,0,153,599,0
0.5,1,50000.0,100000000.0,0.009956400077429999,10,1.0,1,6,0,0,0,0,0,635,635,1
0.0,0,7500000.0,100000000.0,0.003627215961782707,10,1.0,0,5,0,1,0,0,0,583,583,1
0.0,1,42587.0,631400748.0,1.0289455638204217e-05,10,1.0,1,10,0,0,0,0,0,113,615,0
0.038,1,190000.0,500000000.0,0.0008637884939477773,10,2.0,1,10,0,0,0,1,0,641,641,1
0.5,1,100000.0,100000000.0,0.009956400077429999,10,1.0,1,6,0,0,0,0,0,635,635,1
0.15,1,300000.0,1e+17,0.0,10,1.0,0,10,0,0,0,0,0,570,570,0
0.3,1,300000000.0,50000000.0,0.049474349708855676,10,1.0,1,10,0,0,0,0,0,435,579,0
0.8,1,100000.0,5170000.0,0.008963609632017807,10,2.0,1,10,1,0,0,0,0,657,657,1
0.0,1,300000000.0,30000000.0,0.016852060612259467,10,1.0,1,3,0,0,0,0,0,586,586,1
0.35,1,100000.0,30000000.0,0.016852060612259467,10,1.0,1,3,0,0,0,0,0,586,586,1
0.35,1,100000.0,30000000.0,0.016852060612259467,10,1.0,1,3,0,0,0,0,0,586,586,1
0.0,1,300000000.0,1e+17,4.925470939622919e-06,10,1.0,1,10,0,0,0,0,0,153,599,0
0.008,0,100000.0,5000000000.0,0.0008310633649569481,10,1.0,1,10,0,0,0,0,0,128,600,0
0.0378,1,189000.0,500000000.0,0.0008637884939477773,10,2.0,1,10,0,0,0,1,0,641,641,1
0.35,1,50000.0,30000000.0,0.016852060612259467,10,1.0,1,3,0,0,0,0,0,586,586,1
0.35,1,50000.0,30000000.0,0.016852060612259467,10,1.0,1,3,0,0,0,0,0,586,586,1
0.0,4,300000000.0,210000000000.0,1.1368582592368547e-06,10,1.0,1,10,0,0,0,0,0,435,550,0
0.35,1,100000.0,30000000.0,0.016852060612259467,10,1.0,1,3,0,0,0,0,0,586,586,1
0.025,5,50000.0,500000000.0,0.0008637884939477773,10,2.0,1,10,0,0,0,1,0,641,641,1
0.35,1,150000.0,30000000.0,0.016852060612259467,10,1.0,1,3,0,0,0,0,0,586,586,1
0.5,0,31250000.0,1000000000.0,0.12104658517257502,2,1.0,0,10,1,0,0,0,0,601,601,1
0.0,1,100000.0,30000000.0,0.016852060612259467,10,1.0,1,3,0,0,0,0,0,586,586,1
0.0,1,300000000.0,1e+17,5.177969424596359e-07,10,1.0,1,10,0,0,0,0,0,49,590,0
0.12,0,480000.0,390000000.0,1.625505781702e-12,10,1.0,1,10,0,0,0,0,0,744,1264,0
0.025,5,500000.0,500000000.0,0.0008637884939477773,10,2.0,1,10,0,0,0,1,0,641,641,1
0.008,0,400000.0,5000000000.0,0.0008310633649569481,10,1.0,1,10,0,0,0,0,0,128,600,0
0.12,1,150000.0,1e+17,0.00391681939461794,12,4.0,1,10,1,0,1,0,0,605,605,1
0.007,5,300000.0,3000000000.0,7.327271541902843e-05,10,1.0,0,10,0,0,1,0,0,571,629,0
0.0,4,300000000.0,888888888.0,0.00225324527155876,10,2.0,1,10,1,0,0,0,0,711,711,1
0.0001,1,500000.0,100000000000.0,1.8310389632742717e-07,10,2.0,1,10,0,0,1,0,0,478,599,0
0.0,1,300000000.0,800000000000000.0,1.0569098548707e-11,10,1.0,1,10,0,0,0,0,0,191,623,0
0.015,0,266000.0,1e+17,0.0,10,1.0,1,10,0,0,0,0,0,666,666,0
0.14,1,400000.0,1000000000.0,0.015070305511534269,8,1.0,0,6,0,0,1,0,0,615,615,1
0.14,1,100000.0,1000000000.0,0.015070305511534269,9,1.0,0,6,0,0,1,0,0,615,615,1
0.16,1,110000.0,30000000.0,0.017910066785790567,12,2.0,0,10,1,0,1,0,0,352,612,0
0.025,6,300000.0,500000000.0,0.0008637884939477773,10,2.0,1,10,0,0,0,1,0,641,641,1
0.01,1,95000.0,1500000000.0,0.00012675168563393608,6,1.0,0,6,0,1,0,0,0,513,541,0
0.2,1,100000.0,1e+17,0.0,10,1.0,0,10,0,0,0,0,0,624,624,0
0.002,1,500000.0,20000000000.0,2.9900365613650786e-05,10,1.0,0,9,0,1,0,0,0,664,664,1
0.04,1,100000.0,500000000.0,0.0012218712605544734,13,1.0,1,10,0,0,0,0,0,622,622,1
0.04,1,125000.0,500000000.0,0.0012218712605544734,12,1.0,1,10,0,0,0,0,0,622,622,1
9.0,1,93922.0,1e+17,6615.485706712777,10,1.0,1,10,0,0,0,0,0,6,642,0
0.0,1,300000000.0,1e+17,1.1036316466e-13,10,1.0,1,10,0,0,0,0,0,170,611,0
0.042,0,8000000.0,1000000000.0,0.0016576853395910299,10,1.0,0,10,0,0,0,1,0,596,649,0
0.0016,1,100000.0,1000000000.0,0.00010825032421078123,10,2.0,1,10,0,0,0,0,0,533,582,0
0.0016,1,200000.0,1000000000.0,0.00010825032421078123,10,2.0,1,10,0,0,0,0,0,533,582,0
0.002,1,70000.0,20000000000.0,2.9900365613650786e-05,10,1.0,0,9,0,1,0,0,0,664,664,1
2.0,6,300000000.0,10000000.0,2.1216993529471817,10,1.0,0,10,0,0,0,1,0,611,611,1
0.0,4,300000000.0,1000000000.0,0.00044999383258595665,10,1.0,0,10,1,0,0,0,0,619,619,1
1.0,1,1000000.0,100000000.0,0.04274043113186535,10,1.0,0,5,0,1,0,0,0,626,626,1
0.2,1,200000.0,1e+17,0.0,12,1.0,0,10,0,0,0,0,0,624,624,0
0.06,3,4000000.0,1000000000.0,0.0003674174896951577,10,1.0,1,10,0,0,0,0,0,606,606,1
0.0,2,300000000.0,1000000000.0,0.003785864891877104,10,1.0,0,10,0,1,0,0,0,619,619,1
1.0,1,300000000.0,100000000.0,0.04274043113186535,3,1.0,0,5,0,1,0,0,0,626,626,1
1.0,1,2000000.0,100000000.0,0.04274043113186535,10,1.0,0,5,0,1,0,0,0,626,626,1
0.02,1,200000.0,900000000.0,0.00024936716671363374,13,1.0,0,6,1,0,0,0,0,641,641,1
0.4,1,500000.0,25650000.0,0.00014543986637004274,10,1.0,0,10,0,0,0,0,1,612,612,1
0.54,1,200000.0,100000000.0,0.009956400077429999,10,1.0,1,6,0,0,0,0,0,635,635,1
0.0025,5,2500000.0,1e+17,0.0,10,1.0,1,10,0,0,0,0,0,273,273,0
0.025,1,100000.0,1e+17,0.0020684848772417608,13,1.0,0,6,0,0,0,0,0,622,622,1
0.16,1,160000.0,200000000.0,0.004521064055874628,13,1.0,1,6,0,0,0,0,0,622,622,1
0.045,1,100000.0,1000000000.0,0.001384325808258957,13,1.0,1,5,0,0,0,0,0,622,622,1
0.02,0,1000000.0,1e+17,0.0010160969438316675,10,1.0,1,10,0,0,0,0,0,353,613,0
0.006,1,150000.0,2400000000.0,0.00014388214996173657,10,1.0,1,10,0,0,0,0,0,636,642,0
0.012,1,30000.0,2000000000.0,3.700343182427949e-06,10,1.0,1,8,0,0,0,0,0,628,628,1
0.08,1,400000.0,160000000.0,0.0071203441466219115,10,1.0,1,10,0,0,0,0,0,120,621,0
0.05,1,400000.0,160000000.0,0.0071203441466219115,10,1.0,1,10,0,0,0,0,0,120,621,0
0.012,1,70000.0,2000000000.0,3.700343182427949e-06,5,1.0,1,8,0,0,0,0,0,628,628,1
0.012,1,50000.0,30000000.0,0.00024299849661911526,10,1.0,1,10,0,0,0,0,0,650,698,0
0.16,2,300000000.0,185337308.14654544,0.18269403153609984,1,1.0,0,6,1,0,0,0,0,613,613,1
0.00729,1,100000.0,1e+17,0.0,10,1.0,0,10,0,0,0,0,0,643,643,0
0.00729,1,80000.0,1e+17,0.0,10,1.0,0,10,0,0,0,0,0,643,643,0
0.012,1,50000.0,30000000.0,0.00024299849661911526,10,1.0,1,10,0,0,0,0,0,650,698,0
0.012,1,100000.0,2000000000.0,3.700343182427949e-06,10,1.0,1,8,0,0,0,0,0,628,628,1
0.012,1,75000.0,30000000.0,0.00024299849661911526,10,1.0,1,10,0,0,0,0,0,650,698,0
0.012,1,75000.0,30000000.0,0.00024299849661911526,10,1.0,1,10,0,0,0,0,0,650,698,0
0.012,1,60000.0,30000000.0,0.00024299849661911526,10,1.0,1,10,0,0,0,0,0,650,698,0
0.1,1,50000.0,200000000.0,0.00014762655127735963,10,2.0,1,6,0,1,0,0,0,586,636,0
0.015,1,150000.0,700000000.0,0.0002028277834818127,13,1.0,1,10,0,0,0,0,0,512,675,0
0.1,1,475000.0,200000000.0,0.00014762655127735963,10,2.0,1,6,0,1,0,0,0,586,636,0
0.009,5,300000000.0,1e+17,0.0,10,1.0,0,10,0,0,0,0,0,618,618,0
0.1,1,275000.0,200000000.0,0.00014762655127735963,10,2.0,1,6,0,1,0,0,0,586,636,0
0.1,1,300000.0,100000000.0,0.011318800576016025,10,1.0,0,10,0,1,0,0,0,626,626,1
0.164,1,8200000.0,1000000000.0,0.025696857240128407,10,1.0,0,10,1,0,0,0,0,906,906,1
0.2,1,300000.0,200000000.0,0.0005797652899245413,10,1.0,1,10,0,0,0,0,0,119,614,0
0.02,1,500000.0,900000000.0,0.00024936716671363374,11,1.0,0,6,1,0,0,0,0,641,641,1
0.22,1,50000.0,1e+17,0.002190515549195893,10,1.0,0,6,0,0,1,0,0,622,622,1
0.0015,1,300000000.0,15000000000.0,1.7317612251976043e-05,10,1.0,0,10,0,0,0,0,1,626,626,1
0.5,1,2000000.0,150000000.0,0.004811132324946231,11,1.0,0,10,0,0,1,0,0,646,646,1
0.03,1,200000.0,1e+17,6.880145574534029e-05,12,1.0,0,6,0,0,0,0,1,622,622,1
0.03,1,100000.0,1e+17,6.880145574534029e-05,5,1.0,0,6,0,0,0,0,1,622,622,1
0.04,2,1000000.0,1499457592.0,0.013728885024022997,10,1.0,0,10,0,0,1,0,0,629,629,1
0.06,1,150000.0,350000000.0,0.0011534432631747332,10,1.0,1,10,0,0,0,0,0,639,639,1
0.06,1,85000.0,350000000.0,0.0011534432631747332,10,1.0,1,10,0,0,0,0,0,639,639,1
0.03,1,160000.0,1e+17,0.00025005081800137034,10,2.0,1,6,0,1,0,0,0,581,622,0
0.04,1,100000.0,1000000000.0,0.00011688230218905644,7,1.0,0,10,0,0,0,0,0,694,694,1
0.018,1,360000.0,2000000000.0,0.0009227762958477729,10,1.0,1,10,0,0,0,0,0,712,712,1
0.001,1,200000.0,1e+17,0.0,10,1.0,0,6,0,0,0,0,0,622,622,0
0.06,1,200000.0,350000000.0,0.0011534432631747332,10,1.0,1,10,0,0,0,0,0,639,639,1
0.06,1,720000.0,100000000.0,0.011398015167950906,10,1.0,1,10,0,0,0,0,0,299,620,0
0.03,1,250000.0,1e+17,0.00025005081800137034,10,2.0,1,6,0,1,0,0,0,581,622,0
0.03,1,300000000.0,800000000.0,1.9449327902809888e-05,10,1.0,1,10,0,0,0,0,0,283,283,1
0.025,1,1250000.0,1e+17,0.0,10,1.0,0,5,0,0,0,0,0,664,664,0
0.06,1,100000.0,350000000.0,0.0011534432631747332,10,1.0,1,10,0,0,0,0,0,639,639,1
0.07,0,700000.0,200000000.0,0.4501838764062261,10,1.0,1,10,0,0,0,0,0,205,635,0
0.04,1,1125000.0,1e+17,0.0,10,1.0,1,10,0,0,0,0,0,666,666,0
0.026,1,150000.0,1000000000.0,0.00010007619446080989,12,1.0,1,6,0,0,0,0,0,636,636,1
0.0175,1,140000.0,1000000000.0,0.00263361983608803,10,1.0,0,3,0,0,0,0,0,622,622,1
0.0,0,300000000.0,1006745147.0,0.11348094413120409,2,1.0,0,10,0,0,0,0,0,625,625,1
0.036,1,100000.0,500000000.0,0.00014163378104392596,10,1.0,1,6,0,0,0,0,0,588,641,0
0.036,1,100000.0,500000000.0,0.00014163378104392596,13,1.0,1,6,0,0,0,0,0,588,641,0
0.09,0,250000.0,500000000.0,0.003864808751453258,10,1.0,0,10,0,1,0,0,0,451,638,0
1.4e-06,1,600000.0,1000000000000.0,8.100486631485647e-08,10,2.0,1,10,1,0,0,0,0,308,628,0
0.0003,1,300000000.0,50000000000.0,6.303144354787963e-06,10,1.0,1,10,0,0,0,0,0,517,636,0
0.152,1,456000.0,99852000.0,0.005301207897241356,10,1.0,0,10,0,0,0,0,0,370,685,0
0.05,1,300000000.0,1000000000.0,0.0016306837898877006,10,1.0,0,10,1,0,0,0,0,648,648,1
0.036,1,150000.0,500000000.0,0.00014163378104392596,10,1.0,1,6,0,0,0,0,0,588,641,0
0.375,1,250000.0,99999645.0,0.0004998536339337739,10,1.0,0,6,0,1,0,0,0,612,629,0
0.03,1,150000.0,1000000000.0,0.00025464593155137284,10,3.0,1,6,0,1,0,0,0,691,691,1
0.185,1,102478.0,90000000.0,0.005526300643519319,10,1.0,1,1,0,0,0,0,0,927,927,1
0.03,1,200000.0,1000000000.0,0.00025464593155137284,10,3.0,1,6,0,1,0,0,0,691,691,1
1.25e-07,1,120000.0,1000000000000.0,8.100486631485647e-08,10,2.0,1,10,1,0,0,0,0,308,628,0
0.065,1,150000.0,668000000.0,0.00030290451000701524,12,1.0,1,2,0,0,0,0,0,653,653,1
0.1,2,300000000.0,1000000000.0,0.0038480479482258414,10,1.0,0,10,1,0,0,0,0,357,647,0
0.01,1,200000.0,1000000000.0,0.0001810078423220101,10,1.0,1,10,0,0,0,0,0,588,651,0
0.017,1,250053.0,1000000000.0,0.0010424981502026895,10,1.0,1,6,0,0,0,0,0,671,671,1
0.017,1,250000.0,1000000000.0,0.0010424981502026895,10,1.0,1,6,0,0,0,0,0,671,671,1
0.1,2,500000.0,1000000000.0,0.0038480479482258414,10,1.0,0,10,1,0,0,0,0,357,647,0
0.00333,1,500000.0,10000000000.0,0.0002514904920701833,11,1.0,0,3,0,0,0,0,0,636,636,1
0.0,1,300000000.0,4999971162.948941,0.0009298985440925483,10,1.0,0,3,0,1,0,0,0,627,627,1
0.035,1,300000000.0,1000000000.0,0.00040320486745706955,10,1.0,1,6,0,0,0,0,0,629,651,0
0.035,1,300000000.0,1000000000.0,0.00040320486745706955,10,1.0,1,6,0,0,0,0,0,629,651,0
0.04,1,200000.0,1000000000.0,0.0018645238829260399,10,2.0,1,10,1,0,0,0,0,562,651,0
0.018,5,360000.0,1000000000.0,0.00010007619446080989,12,1.0,1,6,0,0,0,0,0,636,636,1
0.06,1,125000.0,250000000.0,0.003055678141195839,5,1.0,1,10,0,0,0,0,0,308,651,0
0.022,1,150000.0,1000000000.0,0.000515121236454742,6,1.0,1,10,0,0,0,0,0,619,619,1
0.008,1,150000.0,1e+17,0.0,5,1.0,0,6,0,0,0,0,0,636,636,0
0.055,1,300000000.0,494932275.91,0.005722146008946979,10,1.0,1,10,0,0,0,0,0,634,634,1
0.0,1,300000000.0,798169770.31,0.013626904144059903,10,1.0,0,10,1,0,0,0,0,641,641,1
0.2,0,100000000.0,1000000000.0,1.0002354105917319e-08,10,1.0,0,10,0,0,1,0,0,614,614,1
0.0,1,300000000.0,2000000000.0,0.00014544112028321127,10,2.0,1,10,1,0,0,0,0,647,656,0
0.0025,1,100000.0,7000000000.0,7.229193800007255e-06,5,1.0,1,6,0,0,0,0,0,570,661,0
0.0025,1,250000.0,7000000000.0,7.229193800007255e-06,10,1.0,1,6,0,0,0,0,0,570,661,0
0.0025,1,175000.0,7000000000.0,7.229193800007255e-06,12,1.0,1,6,0,0,0,0,0,570,661,0
0.016,1,80000.0,1e+17,0.0,10,1.0,0,10,0,0,0,0,0,649,649,0
0.003,1,100000.0,3000000000.0,0.001420235999400737,10,2.0,1,3,1,0,0,0,0,695,695,1
0.05,1,100000.0,1000000000.0,0.0016306837898877006,10,1.0,0,10,1,0,0,0,0,648,648,1
0.135,1,200000.0,1e+17,0.0,10,1.0,0,10,0,0,0,0,1,674,674,0
0.02,1,350000.0,1000000000.0,0.0003364375923553587,10,1.0,1,10,0,0,0,0,0,642,642,1
0.05,1,250000.0,565000000.0,0.0030288443984946697,10,1.0,1,6,0,0,0,0,0,642,642,1
0.3,1,95000.0,100000000.0,0.0021995333342261455,6,1.0,1,10,0,0,0,0,0,642,642,1
0.02,1,250000.0,1000000000.0,0.0003364375923553587,11,1.0,1,10,0,0,0,0,0,642,642,1
0.003,1,50000.0,3000000000.0,0.001420235999400737,10,2.0,1,3,1,0,0,0,0,695,695,1
0.0533,1,150000.0,500000000.0,0.000542316945123178,10,1.0,0,3,0,1,0,0,0,664,664,1
0.09,1,1019700.0,100000000.0,0.004233733034946492,10,1.0,1,10,0,0,0,0,0,615,662,0
0.01,1,75000.0,1000000000.0,0.00018168965268562588,10,1.0,1,10,0,0,0,0,0,472,664,0
0.016,1,80000.0,1e+17,0.0,10,1.0,0,10,0,0,0,0,0,649,649,0
0.18,1,300000000.0,295669301.038217,0.022384293570037312,8,1.0,0,6,1,0,0,0,0,640,640,1
0.0018,1,300000000.0,29609085840.53117,0.0009223797079308806,8,1.0,0,6,1,0,0,0,0,640,640,1
0.01,0,1200000.0,350000000.0,0.00029678288530818027,10,1.0,1,10,0,0,0,0,0,690,690,1
0.02,1,285000.0,1000000000.0,0.0010048694003703714,3,2.0,1,10,0,0,0,0,0,635,635,1
0.045,1,150000.0,500000000.0,0.00021636366146578562,1,1.0,1,6,0,0,0,0,0,555,555,1
0.045,1,300000.0,500000000.0,0.00021636366146578562,10,1.0,1,6,0,0,0,0,0,555,555,1
0.005,1,100000.0,1e+17,0.0,10,1.0,0,10,0,0,0,0,0,730,730,0
0.001,0,300000.0,30000000000.0,0.0001070709869531615,10,1.0,1,10,0,0,0,0,0,640,640,1
0.006,1,200000.0,1835000000.0,0.005138429058543715,10,2.0,1,10,1,0,0,0,0,661,661,1
0.005,1,100000.0,1e+17,0.0,3,1.0,0,10,0,0,0,0,0,730,730,0
0.0,1,300000000.0,1000000000.0,0.0034777314729850036,10,2.0,0,10,1,0,0,0,0,648,648,1
0.01,1,125000.0,1000000000.0,0.00018168965268562588,10,1.0,1,10,0,0,0,0,0,472,664,0
0.0,1,100000.0,100000000.0,0.0011522181131030176,10,1.0,1,10,0,0,0,0,0,271,698,0
0.1,1,100000.0,100000000.0,0.007968593060841918,10,2.0,0,6,1,0,0,0,1,639,639,1
0.08,1,200000.0,100000000.0,0.004233733034946492,10,1.0,1,10,0,0,0,0,0,615,662,0
4e-06,2,2000000.0,20000000000000.0,1.368303156647216e-09,10,1.0,1,10,0,0,0,0,0,649,649,1
0.065,1,300000000.0,100000000.0,0.005448016702638609,10,1.0,1,10,0,0,0,0,0,561,663,0
0.125,1,150000.0,200000000.0,0.0027478948694003016,5,1.0,0,6,0,1,0,0,0,662,662,1
0.01,1,200000.0,1e+17,0.005460285106420265,10,1.0,0,10,0,1,0,0,0,676,676,1
0.125,1,350000.0,200000000.0,0.0027478948694003016,10,1.0,0,6,0,1,0,0,0,662,662,1
0.0,1,300000000.0,400000000.0,0.0009860251607270527,11,1.0,1,6,0,0,0,0,0,645,645,1
0.1,1,95000.0,100000000.0,0.007968593060841918,4,2.0,0,6,1,0,0,0,1,639,639,1
2.5e-08,1,100000.0,1000000000000000.0,2.378006127478532e-09,10,1.0,1,10,0,0,0,0,0,173,649,0
0.0,1,300000000.0,1000000000.0,0.0004371988919074339,10,1.0,1,10,0,0,0,0,0,660,660,1
0.2,1,150000.0,100000000.0,0.014176853228929549,10,1.0,1,10,0,0,0,0,0,654,654,1
0.007,1,100000.0,602193472.0,7.304017044799176e-05,12,2.0,1,12,0,0,1,0,0,597,688,0
0.2,0,6000000.0,300000000.0,0.13078190084951233,1,1.0,0,6,0,0,1,0,0,641,641,1
0.1,1,100000.0,100000000.0,0.007968593060841918,10,2.0,0,6,1,0,0,0,1,639,639,1
0.007,1,150000.0,602193472.0,7.304017044799176e-05,10,2.0,1,12,0,0,1,0,0,597,688,0
0.007,1,100000.0,602193472.0,7.304017044799176e-05,10,2.0,1,12,0,0,1,0,0,597,688,0
0.015,1,1170000.0,1e+17,0.0,11,1.0,0,3,0,0,0,0,0,664,664,0
0.0005,1,300000000.0,1e+17,1.9589574285773895e-07,10,1.0,1,10,0,0,0,0,0,57,671,0
0.0,1,900000.0,1e+17,2.622616578680481e-08,10,1.0,1,10,0,0,0,0,0,203,664,0
0.1,1,50000.0,100000000.0,0.0007746861245809172,10,1.0,1,10,0,0,0,0,0,664,664,1
0.145,4,290000.0,10000000000.0,0.00018445669560278357,10,1.0,1,10,0,0,0,0,0,656,656,1
0.1,1,100000.0,100000000.0,0.0007746861245809172,4,1.0,1,10,0,0,0,0,0,664,664,1
0.015,1,150000.0,250000000.0,0.0030510826852025693,10,1.0,0,6,1,0,0,0,0,663,663,1
0.2,1,400000.0,30000000.0,0.015767031947208777,10,1.0,0,10,0,0,1,0,0,214,726,0
0.095,1,3800000.0,1000000000.0,0.0015853731257878952,10,1.0,0,3,1,0,0,0,0,652,652,1
0.015,0,2000000.0,9326620139.0,3.4804731321792287e-08,10,2.0,1,10,1,0,0,0,0,667,667,1
0.01,1,300000.0,126868993.0,0.003976432534641944,10,2.0,1,6,0,0,1,0,0,667,667,1
0.05,5,300000000.0,100000000.0,0.005448016702638609,10,1.0,1,10,0,0,0,0,0,561,663,0
0.37,2,300000.0,1e+17,0.0008786011275155432,10,2.0,1,10,1,0,0,0,0,723,723,1
0.02,1,120000.0,1000000000.0,7.630920061777279e-05,10,1.0,1,6,0,0,0,0,0,654,654,1
0.015,1,150000.0,250000000.0,0.0030510826852025693,12,1.0,0,6,1,0,0,0,0,663,663,1
0.02,1,180000.0,1000000000.0,7.630920061777279e-05,10,1.0,1,6,0,0,0,0,0,654,654,1
0.25,1,170000.0,1e+17,0.020934029926032396,4,1.0,1,10,0,0,0,0,0,517,684,0
0.25,1,250000.0,1e+17,0.020934029926032396,10,1.0,1,10,0,0,0,0,0,517,684,0
0.001,1,466131.0,2000000000.0,5.013838691801041e-05,10,1.0,1,10,0,0,0,0,0,407,650,0
0.06,2,100000.0,468000000.0,0.0018153839003476682,10,1.0,1,10,0,0,0,0,0,673,673,1
0.06,1,50000.0,468000000.0,0.0018153839003476682,10,1.0,1,10,0,0,0,0,0,673,673,1
0.06,1,100000.0,468000000.0,0.0018153839003476682,10,1.0,1,10,0,0,0,0,0,673,673,1
0.06,1,100000.0,468000000.0,0.0018153839003476682,10,1.0,1,10,0,0,0,0,0,673,673,1
0.06,1,111600.0,468000000.0,0.0018153839003476682,10,1.0,1,10,0,0,0,0,0,673,673,1
0.06,2,100000.0,468000000.0,0.0018153839003476682,10,1.0,1,10,0,0,0,0,0,673,673,1
0.02,1,200000.0,335000000.0,4.340555461325026e-05,10,1.0,0,10,0,0,0,0,0,658,658,1
0.015,1,150000.0,250000000.0,0.0030510826852025693,10,1.0,0,6,1,0,0,0,0,663,663,1
0.55,1,70000.0,10000000.0,0.011990294075806535,4,1.0,1,10,0,0,0,0,0,267,557,0
0.2,1,100000.0,100000000.0,0.020117534735451154,10,1.0,0,6,0,0,1,0,0,759,759,1
0.0,0,300000000.0,30000000.0,2.902267719166398,1,1.0,1,10,0,0,0,0,0,654,654,1
0.0425,1,470000.0,1e+17,0.0,10,1.0,1,1,0,0,0,0,0,880,880,0
0.003,1,300000000.0,1e+17,0.04486460609310132,10,5.0,1,10,1,0,1,0,1,928,928,1
0.25,1,250000.0,100000000.0,0.011217761154314315,10,2.0,0,10,0,1,0,0,1,701,701,1
0.09,1,500000.0,1000000000.0,0.023493389523372953,11,2.0,1,10,1,0,0,0,0,675,675,1
0.015,1,300000000.0,1000000000.0,4.519885529489475e-05,10,1.0,1,6,0,0,0,0,0,634,634,1
0.55,1,70000.0,10000000.0,0.011990294075806535,10,1.0,1,10,0,0,0,0,0,267,557,0
0.0,1,300000000.0,9999997585.036858,4.816708687762751e-05,10,1.0,0,6,0,1,0,0,0,670,670,1
0.01,1,150000.0,1000000000.0,0.00012047450294772588,10,1.0,0,12,1,0,0,0,0,679,709,0
0.01,1,150000.0,1000000000.0,0.00012047450294772588,10,1.0,0,12,1,0,0,0,0,679,709,0
0.01,4,300000000.0,1000000000.0,5.914972161919155e-05,6,1.0,1,6,0,0,0,0,0,660,660,1
0.55,1,50000.0,10000000.0,0.011990294075806535,10,1.0,1,10,0,0,0,0,0,267,557,0
0.035,1,140000.0,400000000.0,0.0012958364532306677,10,1.0,1,6,0,0,0,0,0,660,660,1
0.32,4,2240000.0,1e+17,0.0,10,2.0,1,3,1,0,0,0,0,669,669,0
0.2,1,100000.0,100000000.0,0.020117534735451154,5,1.0,0,6,0,0,1,0,0,759,759,1
0.09,2,50000.0,1000000000.0,0.023493389523372953,7,2.0,1,10,1,0,0,0,0,675,675,1
0.005,1,350000.0,10000000000.0,0.0004040189774296837,10,1.0,0,6,0,1,0,0,0,661,661,1
0.035,1,124600.0,400000000.0,0.0012958364532306677,6,1.0,1,6,0,0,0,0,0,660,660,1
0.75,1,170000.0,30000000.0,0.013099402873367519,10,2.0,1,10,1,0,0,0,0,674,674,1
1e-08,1,861451.0,1000000000000000.0,1.12135777325514e-10,10,1.0,1,10,0,0,0,0,0,41,668,0
0.75,1,300000000.0,30000000.0,0.013099402873367519,10,2.0,1,10,1,0,0,0,0,674,674,1
0.08,1,98000.0,100000000.0,0.005751353610902459,6,1.0,1,6,0,0,0,0,0,656,656,1
0.0,1,150000.0,113479515.0,7.49076298992148e-05,10,1.0,1,10,0,0,0,0,0,684,684,1
0.045,1,300000000.0,500000000.0,0.00040555331405924764,8,1.0,1,10,0,0,0,0,0,668,698,0
0.08,1,150000.0,100000000.0,0.0030937488265369876,12,2.0,1,10,1,0,0,0,0,678,678,1
0.34,2,1000000.0,1e+17,0.0008786011275155432,10,2.0,1,10,1,0,0,0,0,723,723,1
0.28,0,150000.0,30000000.0,0.002043001216867778,10,1.0,0,6,0,0,0,0,1,659,659,1
0.28,0,900000.0,30000000.0,0.002043001216867778,10,1.0,0,6,0,0,0,0,1,659,659,1
0.00025,2,300000.0,100000000000.0,9.879162073813707e-06,10,1.0,1,10,0,0,0,0,0,553,740,0
0.02,1,250000.0,31856295621.0,3.93668860574191e-06,10,1.0,1,6,0,0,0,0,0,252,685,0
0.0,1,80000.0,1000000000.0,0.00016893976084894353,10,2.0,1,6,0,0,1,0,0,677,677,1
0.018,1,20000.0,1000000000.0,0.00016893976084894353,10,2.0,1,6,0,0,1,0,0,677,677,1
0.018,1,80000.0,1000000000.0,0.00016893976084894353,10,2.0,1,6,0,0,1,0,0,677,677,1
0.0015,1,300000000.0,1e+17,0.04486460609310132,10,5.0,1,10,1,0,1,0,1,928,928,1
0.09,1,30000.0,200000000.0,0.0009413729338214684,10,2.0,1,6,0,0,1,0,0,716,716,1
0.038,1,130000.0,990848000.0,0.001046241202525729,10,1.0,0,6,0,0,1,0,0,664,664,1
0.038,1,130000.0,990848000.0,0.001046241202525729,10,1.0,0,6,0,0,1,0,0,664,664,1
0.15,1,150000.0,100000000.0,0.0004298011559312672,3,1.0,1,10,0,0,0,0,0,803,803,1
0.03,1,300000.0,481363628.27246803,0.002375444837373654,12,1.0,1,6,0,0,0,0,0,666,666,1
0.09,1,127750.0,200000000.0,0.0009413729338214684,4,2.0,1,6,0,0,1,0,0,716,716,1
0.038,1,50000.0,990848000.0,0.001046241202525729,10,1.0,0,6,0,0,1,0,0,664,664,1
0.1,1,150000.0,1e+17,0.0008564793935694159,10,1.0,0,3,0,0,0,0,0,551,671,0
1.0,2,40000.0,6000000.0,0.025751898803369564,7,1.0,1,5,0,0,0,0,0,671,671,1
0.5,0,300000000.0,1e+17,1.9589574285773895e-07,10,1.0,1,10,0,0,0,0,0,57,671,0
0.0,1,300000000.0,6000000.0,0.025751898803369564,10,1.0,1,5,0,0,0,0,0,671,671,1
0.0225,1,300000000.0,1000000000.0,0.003480560186485463,10,1.0,1,10,0,0,0,0,0,699,699,1
0.02,0,2000000.0,1000000000.0,0.03543458869516108,10,3.0,1,0,1,0,0,1,0,691,691,1
0.05,2,50000.0,1e+17,8.586082732540805e-05,7,1.0,1,10,0,0,0,0,0,670,670,1
1.0,1,100000.0,6000000.0,0.025751898803369564,10,1.0,1,5,0,0,0,0,0,671,671,1
0.8,1,400000.0,100000000.0,0.22411628097437383,10,2.0,1,10,0,1,0,0,0,668,668,1
0.51,1,300000000.0,1000000000.0,0.025564972878925608,10,1.0,0,10,1,0,0,0,0,677,677,1
0.0225,1,80000.0,1000000000.0,0.003480560186485463,10,1.0,1,10,0,0,0,0,0,699,699,1
0.038,1,90000.0,1e+17,0.0,12,1.0,0,10,0,0,0,0,0,681,681,0
0.012,1,102000.0,1000000000.0,0.001078411572141022,6,1.0,1,6,0,0,0,0,0,667,667,1
0.135,1,250000.0,200000000.0,0.002910702008706418,11,2.0,1,10,0,0,0,0,0,688,688,1
1.0,2,4000000.0,40000000.0,1.8385251126813675,1,1.0,1,10,0,0,0,0,0,678,678,1
0.3,2,3000000.0,1e+17,0.0008786011275155432,10,2.0,1,10,1,0,0,0,0,723,723,1
0.025,1,1250000.0,4000000000.0,0.011941910030931778,10,1.0,0,10,0,0,0,1,0,689,689,1
0.038,1,100000.0,1e+17,0.0,10,1.0,0,10,0,0,0,0,0,681,681,0
0.05,1,130000.0,500000000.0,0.0026002119073351916,10,1.0,1,6,0,0,0,0,0,671,671,1
0.05,1,120000.0,500000000.0,0.0026002119073351916,6,1.0,1,6,0,0,0,0,0,671,671,1
5e-05,1,500000.0,1000000000.0,1.4468016542696903e-06,10,1.0,1,10,0,0,0,0,0,696,696,1
5e-05,1,500000.0,1000000000.0,1.4468016542696903e-06,10,1.0,1,10,0,0,0,0,0,696,696,1
0.0225,2,450000.0,1000000000.0,0.003480560186485463,10,1.0,1,10,0,0,0,0,0,699,699,1
0.0225,1,230000.0,1000000000.0,0.003480560186485463,0,1.0,1,10,0,0,0,0,0,699,699,1
0.049,1,283200.0,663385412.0,0.00223614941487435,10,1.0,1,6,0,0,0,0,0,693,693,1
0.014,1,240000.0,1e+17,0.00018704402178065387,10,1.0,1,3,0,0,0,0,0,689,689,1
0.08,1,120000.0,100000000.0,0.005751353610902459,3,1.0,1,6,0,0,0,0,0,656,656,1
0.016,1,320000.0,1e+17,0.0,10,1.0,0,10,0,0,0,0,0,681,681,0
0.16,1,300000000.0,42252777.77777778,0.004561073472298297,10,1.0,1,12,0,0,0,0,0,705,705,1
0.018,1,130000.0,1000000000.0,0.00016893976084894353,10,2.0,1,6,0,0,1,0,0,677,677,1
0.075,0,5500000.0,1000000000.0,0.05903483247854577,2,1.0,0,6,1,0,0,0,0,634,634,1
0.1,0,5500000.0,1000000000.0,0.05903483247854577,2,1.0,0,6,1,0,0,0,0,634,634,1
0.6,1,300000000.0,1e+17,0.008121329001113056,10,1.0,1,8,0,0,0,0,0,273,685,0
0.16,2,300000000.0,42252777.77777778,0.004561073472298297,7,1.0,1,12,0,0,0,0,0,705,705,1
0.4,1,500000.0,50000000.0,0.011952813156571197,10,1.0,1,10,0,0,0,0,0,675,675,1
0.08,1,30000.0,100000000.0,0.005751353610902459,10,1.0,1,6,0,0,0,0,0,656,656,1
0.0,1,300000000.0,42252777.77777778,0.004561073472298297,10,1.0,1,12,0,0,0,0,0,705,705,1
0.1,1,300000000.0,1000000000.0,0.016356580730055435,8,2.0,1,10,1,0,0,0,0,688,688,1
1.4,1,200000.0,10000000.0,0.024457808873888782,10,1.0,1,3,0,0,0,0,0,691,691,1
0.04,1,1200000.0,436100787.0,0.020916392044020328,3,2.0,1,10,1,0,0,0,0,688,688,1
0.04,1,100000.0,750000000.0,0.0009688280186991515,10,1.0,1,12,0,0,0,0,0,681,681,1
0.16,1,300000000.0,42252777.77777778,0.004561073472298297,10,1.0,1,12,0,0,0,0,0,705,705,1
0.16,1,300000000.0,42252777.77777778,0.004561073472298297,10,1.0,1,12,0,0,0,0,0,705,705,1
0.04,1,200000.0,750000000.0,0.0009688280186991515,10,1.0,1,12,0,0,0,0,0,681,681,1
0.025,6,200000.0,1e+17,0.0,3,1.0,0,4,1,0,0,0,0,759,759,0
0.01,1,300000000.0,1000000000.0,5.914972161919155e-05,10,1.0,1,6,0,0,0,0,0,660,660,1
0.01,4,300000000.0,1000000000.0,5.914972161919155e-05,3,1.0,1,6,0,0,0,0,0,660,660,1
0.06,1,140000.0,500000000.0,0.0013589474103209182,6,1.0,1,12,0,0,0,0,0,677,683,0
0.1,1,300000000.0,300000000.0,0.0034257888574905867,10,1.0,1,6,0,0,0,0,0,578,680,0
1.5,1,100000.0,4750000.0,0.003211755903410051,4,3.0,1,6,1,0,1,0,0,722,722,1
0.025,1,50000.0,1000000000.0,0.008865208526065572,10,2.0,1,6,0,1,0,0,0,823,823,1
0.0005,1,200000.0,1e+17,2.0835670514643725e-06,10,1.0,1,10,0,0,0,0,0,307,690,0
0.16,2,300000000.0,2000000000.0,0.5299031121602477,10,1.0,0,6,1,0,0,0,0,815,815,1
1.5,1,50000.0,4750000.0,0.003211755903410051,10,3.0,1,6,1,0,1,0,0,722,722,1
0.0,1,300000000.0,1000000000.0,0.00023859487521827685,10,2.0,1,10,0,0,0,0,0,807,807,1
1.5,1,50000.0,4750000.0,0.003211755903410051,10,3.0,1,6,1,0,1,0,0,722,722,1
0.015,1,450000.0,200000000.0,0.0017949343111067454,10,1.0,1,6,0,0,0,0,0,691,691,1
0.025,1,100000.0,1000000000.0,0.008865208526065572,6,2.0,1,6,0,1,0,0,0,823,823,1
0.0,1,100000.0,25000000.0,0.02127775803799468,13,4.0,1,10,1,1,1,0,0,557,692,0
0.6,1,500000.0,125000000.0,0.0007180797417735898,10,1.0,0,5,0,0,0,1,0,702,702,1
0.075,3,900000.0,800000000.0,0.08869425023928558,10,2.0,1,6,1,0,0,0,0,754,754,1
0.3,1,4500000.0,100000000.0,0.010279775529495197,3,1.0,0,10,0,0,0,0,0,789,789,1
0.025,1,100000.0,1e+17,0.0,10,1.0,0,4,1,0,0,0,0,759,759,0
0.1,1,1980000.0,1e+17,0.004384887237375013,10,2.0,1,12,0,0,0,0,0,624,690,0
0.3,1,125000.0,1e+17,0.04418511857720908,8,1.0,1,10,0,0,0,0,0,696,696,1
0.018,1,400000.0,1000000000.0,0.0002337446075698696,10,1.0,0,6,0,0,0,0,1,672,672,1
0.025,1,150000.0,1000000000.0,0.008865208526065572,10,2.0,1,6,0,1,0,0,0,823,823,1
0.03,1,455555.0,888888888.0,0.00225324527155876,10,2.0,1,10,1,0,0,0,0,711,711,1
0.0,1,8660000.0,100000000.0,0.22411628097437383,10,2.0,1,10,0,1,0,0,0,668,668,1
0.0075,1,175000.0,1e+17,4.6607629871115426e-05,12,1.0,1,10,0,0,0,0,0,658,697,0
0.0,1,300000000.0,100000000.0,0.479702966698331,10,1.0,0,5,0,1,0,0,0,688,688,1
0.03,2,50000.0,888888888.0,0.00225324527155876,7,2.0,1,10,1,0,0,0,0,711,711,1
0.075,1,750000.0,456814036.0,0.2022620433526363,10,1.0,0,5,1,0,0,0,0,696,696,1
0.0075,1,200000.0,1e+17,4.6607629871115426e-05,10,1.0,1,10,0,0,0,0,0,658,697,0
0.0167,1,55000.0,100000000.0,0.0011522181131030176,10,1.0,1,10,0,0,0,0,0,271,698,0
0.0055,1,200000.0,568541691.0,7.741822077980005e-05,12,1.0,1,10,0,0,0,0,0,696,696,1
0.16,1,130000.0,500000000.0,0.0026615105406026544,10,2.0,1,10,0,0,1,0,0,705,705,1
0.0,3,300000000.0,800000000.0,0.08869425023928558,1,2.0,1,6,1,0,0,0,0,754,754,1
0.09,1,300000000.0,996948324.1307348,0.00915584232598399,10,4.0,1,0,1,0,1,0,0,720,720,1
0.02,1,230000.0,1000000000.0,0.00011984944663226401,12,1.0,1,6,0,0,0,0,0,713,713,1
0.25,1,500000.0,1e+17,0.0016643435999693361,10,2.0,0,10,1,0,1,0,0,746,746,1
0.6,0,1000000.0,125000000.0,0.0007180797417735898,10,1.0,0,5,0,0,0,1,0,702,702,1
0.2,1,250000.0,200000000.0,0.007929561609892421,11,1.0,1,3,0,0,0,0,0,697,697,1
0.125,0,300000000.0,700000000.0,0.0017691403682408072,10,1.0,0,10,0,1,0,0,0,697,697,1
0.6,0,150000.0,75000000.0,0.005879467391882277,8,1.0,1,10,0,0,0,0,0,614,697,0
0.15,4,150000.0,100000000.0,0.12373925512415078,10,1.0,1,5,0,0,0,0,0,704,704,1
0.005,0,300000000.0,1e+17,2.009105721568275e-05,4,1.0,1,10,0,0,0,0,0,700,700,1
0.01,1,100000.0,100000000.0,0.0012745220833210676,10,1.0,1,10,0,0,0,0,0,552,699,0
0.1,1,200000.0,117718487.0,0.005988695509650628,10,1.0,1,3,0,0,0,0,0,688,688,1
0.03,0,500000.0,5000000000.0,0.002274356126092724,11,3.0,1,3,1,0,1,0,0,712,712,1
1.75,3,437500.0,10000000.0,0.006065703076115548,10,1.0,1,6,0,0,0,0,0,700,700,1
0.1,2,30000.0,200000000.0,0.007929561609892421,7,1.0,1,3,0,0,0,0,0,697,697,1
0.01,1,75000.0,344713001.27488685,0.0061041404420090276,10,4.0,1,3,1,0,1,0,0,696,696,1
0.01,1,100000.0,344713001.27488685,0.0061041404420090276,10,4.0,1,3,1,0,1,0,0,696,696,1
0.04,1,200000.0,1000000000.0,0.019461757315915183,3,1.0,0,5,1,0,0,0,0,707,707,1
0.2,6,1000000.0,10000000.0,2.1216993529471817,10,1.0,0,10,0,0,0,1,0,611,611,1
0.03,2,80000.0,1e+17,0.0014067118136425847,7,3.0,0,7,1,0,1,0,0,819,819,1
0.35,1,125000.0,25000000.0,0.003682978622518604,13,1.0,1,2,0,0,0,0,0,701,706,0
0.03,1,50000.0,1e+17,0.0014067118136425847,10,3.0,0,7,1,0,1,0,0,819,819,1
0.04,1,100000.0,650000000.0,0.00042273093930545233,10,1.0,1,6,0,0,0,0,0,691,691,1
0.0004,1,240000.0,1e+17,1.2939599441742275e-06,10,1.0,0,10,0,0,0,0,1,312,696,0
0.028,0,300000000.0,1000000000.0,0.008073158991323335,10,1.0,0,6,0,1,0,0,0,703,703,1
0.8,0,200000.0,50000000.0,0.06375160764831612,8,2.0,1,10,1,0,0,0,0,694,694,1
0.03,1,102000.0,1e+17,0.0014067118136425847,13,3.0,0,7,1,0,1,0,0,819,819,1
0.0,0,195000.0,100000000.0,0.19509869510673064,11,2.0,1,6,0,0,0,0,0,609,712,0
1.75,1,290500.0,10000000.0,0.006065703076115548,10,1.0,1,6,0,0,0,0,0,700,700,1
0.1,0,50000.0,100000000.0,0.004244437335005291,7,1.0,1,6,0,0,0,0,0,695,695,1
0.1,1,300000000.0,100000000.0,0.004244437335005291,10,1.0,1,6,0,0,0,0,0,695,695,1
0.016,6,300000000.0,1000000000.0,0.00011984944663226401,12,1.0,1,6,0,0,0,0,0,713,713,1
70.0,2,300000000.0,100000000.0,0.0004121345576417774,10,1.0,1,10,0,0,0,0,0,707,707,1
0.0,0,300000000.0,42252777.77777778,0.004561073472298297,10,1.0,1,12,0,0,0,0,0,705,705,1
0.01,1,800000.0,957016347.0,0.004259846436884995,10,1.0,1,10,0,0,0,0,0,710,710,1
0.0,1,300000000.0,1e+17,0.00017093348571768513,7,1.0,1,10,0,0,0,0,0,706,706,1
0.5,0,300000000.0,100000000.0,0.0027006356085976764,7,2.0,1,10,1,0,0,0,0,700,700,1
0.00152,1,45000.0,9894021.905756,0.009629150236569337,10,1.0,1,10,0,0,0,0,0,228,761,0
0.012,1,125000.0,732033225.76,0.0006519850019240811,10,1.0,1,6,0,0,0,0,0,738,738,1
0.012,1,125000.0,732033225.76,0.0006519850019240811,6,1.0,1,6,0,0,0,0,0,738,738,1
0.0278,1,300000000.0,76500000.0,0.0005901847751331713,10,1.0,1,6,0,0,0,0,0,703,703,1
0.08,5,300000000.0,390000000.0,1.625505781702e-12,10,1.0,1,10,0,0,0,0,0,744,1264,0
1.8,1,300000000.0,57028332.0,0.1677318820354535,10,2.0,1,10,1,0,0,0,0,654,985,0
1.0,2,4000000.0,40000000.0,1.8485897966601204,1,1.0,1,10,0,0,0,0,0,695,695,1
0.012,1,50000.0,732033225.76,0.0006519850019240811,4,1.0,1,6,0,0,0,0,0,738,738,1
0.24,2,300000000.0,500000000.0,0.16511970796529862,2,1.0,0,6,1,0,0,0,0,687,687,1
0.0,1,300000000.0,100000000.0,0.36254571262123886,10,1.0,0,10,1,0,0,0,0,733,733,1
0.336,2,300000000.0,500000000.0,0.16511970796529862,2,1.0,0,6,1,0,0,0,0,687,687,1
0.2,1,50000.0,1e+17,0.011734801881341935,10,1.0,1,8,0,0,0,0,0,684,706,0
0.2,1,100000.0,1e+17,0.011734801881341935,10,1.0,1,8,0,0,0,0,0,684,706,0
0.2,1,150000.0,1e+17,0.011734801881341935,8,1.0,1,8,0,0,0,0,0,684,706,0
0.035,1,100000.0,300000000.0,0.0005382134571257365,10,1.0,1,10,0,0,0,0,0,719,719,1
0.0002,1,300000.0,2000000000.0,6.24870234378324e-06,10,1.0,1,10,0,0,0,0,0,716,716,1
1.0,1,300000000.0,100000000.0,1.3381625702856663,11,2.0,1,10,1,0,0,0,0,766,766,1
0.336,0,300000000.0,500000000.0,0.16511970796529862,2,1.0,0,6,1,0,0,0,0,687,687,1
0.4,1,300000.0,74970752.0,0.010822480102867809,10,1.0,1,6,0,0,0,0,0,704,704,1
0.00018,1,2880000.0,100000000000.0,9.879162073813707e-06,10,1.0,1,10,0,0,0,0,0,553,740,0
0.165,1,100000.0,100000000.0,0.0006786706548894957,8,1.0,1,6,0,0,0,0,0,712,712,1
4.0,1,300000000.0,21000000.0,0.7392855560529665,11,2.0,1,10,1,0,0,0,0,716,716,1
0.165,1,100000.0,100000000.0,0.0006786706548894957,3,1.0,1,6,0,0,0,0,0,712,712,1
0.3,1,300000.0,1e+17,0.009562010771534887,10,1.0,0,3,0,1,0,0,0,722,722,1
0.12,1,300000.0,100000000.0,0.0016585029346220669,10,1.0,1,6,0,0,0,0,0,729,729,1
0.01,6,125000.0,897318381.1,0.0012074059190201648,3,1.0,1,6,0,0,0,0,0,705,705,1
0.015,0,200000.0,1000000000.0,0.0005040731876446035,10,2.0,0,10,1,0,1,0,0,716,716,1
0.08,1,124960.0,1e+17,0.0038409039766722506,13,1.0,0,10,1,0,0,0,0,730,730,1
0.02,1,300000000.0,1000000000.0,0.00022898217193201734,10,1.0,1,10,0,0,0,0,0,712,712,1
0.06,2,3000000.0,1000000000.0,0.0731468519272485,1,2.0,1,10,1,0,0,0,0,760,760,1
0.00025,0,300000000.0,200000000000.0,0.0012844416883295105,10,2.0,1,10,0,0,1,0,0,769,769,1
0.064,1,250000.0,125000000.0,0.0065614638505884625,3,2.0,1,10,1,0,0,0,0,795,795,1
0.08,1,150000.0,1e+17,0.0038409039766722506,10,1.0,0,10,1,0,0,0,0,730,730,1
0.064,2,50000.0,125000000.0,0.0065614638505884625,7,2.0,1,10,1,0,0,0,0,795,795,1
0.035,2,300000000.0,500000000.0,0.00010336946280132408,7,1.0,1,12,0,0,0,0,0,728,728,1
0.25,1,80000.0,11919002.0,0.0015903743028408538,10,2.0,0,10,1,0,1,0,0,759,759,1
0.25,1,50000.0,11919002.0,0.0015903743028408538,10,2.0,0,10,1,0,1,0,0,759,759,1
0.25,1,70000.0,11919002.0,0.0015903743028408538,10,2.0,0,10,1,0,1,0,0,759,759,1
0.015,1,300000000.0,1000000000.0,0.00020396169478397472,10,1.0,1,6,0,0,0,0,0,723,723,1
0.015,1,300000000.0,1000000000.0,0.00020396169478397472,6,1.0,1,6,0,0,0,0,0,723,723,1
0.05,1,500000.0,1000000000.0,0.0008508494128535744,11,3.0,1,10,1,0,1,0,0,725,725,1
0.08,1,50000.0,1e+17,0.0038409039766722506,10,1.0,0,10,1,0,0,0,0,730,730,1
0.05,1,300000000.0,3188252.4,0.00012769587235692562,10,1.0,1,6,0,0,0,0,0,415,728,0
0.32,1,100000.0,100000000.0,0.0005519534712867726,12,3.0,1,1,1,0,1,0,0,838,838,1
0.21,0,4410000.0,1e+17,0.0074969973095573685,10,2.0,0,10,1,0,0,0,0,736,736,1
0.32,1,75000.0,100000000.0,0.0005519534712867726,4,3.0,1,1,1,0,1,0,0,838,838,1
0.1,1,2000000.0,1000000000.0,0.007834823286368567,10,1.0,0,10,1,0,0,0,0,818,818,1
0.32,1,75000.0,100000000.0,0.0005519534712867726,10,3.0,1,1,1,0,1,0,0,838,838,1
0.025,0,200000.0,1e+17,0.0,3,1.0,0,4,1,0,0,0,0,759,759,0
0.0,2,300000000.0,150000000.0,0.000650253040425685,7,2.0,1,10,1,0,0,0,0,829,829,1
0.12,1,600000.0,1e+17,0.0010400277489177035,10,1.0,1,1,0,0,0,0,0,800,800,1
0.08,2,200000.0,420000000.0,0.02451152342897267,11,1.0,1,6,0,0,0,0,0,730,730,1
0.0075,2,100000.0,1e+17,0.0001186509023174007,7,1.0,0,10,0,1,0,0,0,731,731,1
0.0,2,300000000.0,1e+17,0.0001186509023174007,10,1.0,0,10,0,1,0,0,0,731,731,1
0.0075,2,300000000.0,1e+17,0.0001186509023174007,10,1.0,0,10,0,1,0,0,0,731,731,1
0.08,1,100000.0,420000000.0,0.02451152342897267,8,1.0,1,6,0,0,0,0,0,730,730,1
0.15,1,300000000.0,275000000.0,0.0002717294861799723,10,2.0,0,10,1,0,1,0,0,769,776,0
0.15,1,90000.0,275000000.0,0.0002717294861799723,10,2.0,0,10,1,0,1,0,0,769,776,0
0.06,1,300000.0,799190905.0,0.019564698083821715,10,4.0,1,3,1,0,1,0,0,825,825,1
0.0,2,300000000.0,100000000.0,0.005618423313469157,10,1.0,0,5,1,0,0,0,0,736,736,1
0.0,1,300000000.0,1e+17,0.00019832548516422226,10,1.0,0,10,0,0,0,0,0,336,733,0
0.00022,1,272204.0,1e+17,7.103802829067955e-06,10,1.0,1,6,0,0,0,0,0,458,754,0
0.028,1,168000.0,1e+17,0.005721229969194437,10,3.0,1,10,1,0,1,0,0,773,773,1
0.996,0,300000000.0,250000000.0,0.3174037071695381,2,1.0,0,10,1,0,0,0,0,744,744,1
0.025,2,40000.0,1e+17,0.0,7,1.0,0,4,1,0,0,0,0,759,759,0
0.03,1,100000.0,1e+17,0.002746248864824276,10,1.0,0,10,0,0,0,0,0,477,880,0
0.1,1,400000.0,150000000.0,0.000650253040425685,8,2.0,1,10,1,0,0,0,0,829,829,1
0.047,4,35000.0,1e+17,0.0009528242521296838,7,2.0,0,10,1,0,0,0,1,751,751,1
0.0025,1,80000.0,10000000000.0,6.328842184924578e-05,12,1.0,1,6,0,0,0,0,0,740,740,1
0.0025,1,300000000.0,10000000000.0,6.328842184924578e-05,10,1.0,1,6,0,0,0,0,0,740,740,1
0.25,4,300000000.0,1084757879.0,0.16833919618183227,10,1.0,0,10,0,0,0,0,0,613,613,1
0.005,1,500000.0,248799996.577062,2.1534848710549577e-05,10,1.0,1,6,0,0,0,0,0,735,743,0
0.1,1,280000.0,100000000.0,0.008156844105397043,3,4.0,1,3,1,0,0,0,0,730,730,1
0.72,6,1200000.0,1e+17,0.01023903463057503,10,1.0,0,10,0,0,0,0,0,738,738,1
0.0025,2,40000.0,10000000000.0,6.328842184924578e-05,7,1.0,1,6,0,0,0,0,0,740,740,1
0.034,0,22677600.0,5000000000.0,0.00730211859148388,10,3.0,1,10,1,0,1,0,0,681,681,1
0.0,2,50000.0,1e+17,2.5529008384532772e-05,7,3.0,1,2,1,0,1,0,0,816,816,1
0.012,1,404949.61774288,1000000000.0,0.0006777198086654388,10,2.0,1,10,0,0,0,0,1,740,740,1
0.25,2,200000.0,100000000.0,0.0022409855992022985,7,1.0,0,12,1,0,0,0,0,750,750,1
0.0272,1,2450000.0,810720000.0,0.00455954598565477,10,4.0,1,3,1,0,0,0,0,751,751,1
0.02,1,220000.0,800000000.0,0.005593546763516129,10,3.0,1,10,1,0,1,0,0,794,794,1
0.047,4,50000.0,1e+17,0.0009528242521296838,10,2.0,0,10,1,0,0,0,1,751,751,1
0.022,1,110000.0,1000000000.0,0.001402518184015304,10,1.0,1,6,0,0,0,0,0,266,762,0
0.0,4,300000000.0,1000000000.0,0.0474147104817561,10,1.0,0,5,0,0,0,0,0,1115,1115,1
0.04,1,340000.0,220000000.0,0.002007317637672951,10,2.0,1,10,0,0,0,0,1,845,849,0
0.14,1,150000.0,19277000.0,0.00722872733529324,8,1.0,1,10,0,0,0,0,0,844,844,1
1e-07,1,1000000.0,999999999999.0,0.00056322134816,8,2.0,1,10,1,0,0,0,0,395,1101,0
0.007,1,300000000.0,1000000000.0,0.00043583193905010414,6,2.0,1,6,0,0,1,0,0,790,790,1
1.3e-08,2,300000000.0,1e+17,8.50198999684622e-10,10,1.0,1,10,0,0,0,0,0,233,746,0
0.0,1,300000000.0,1e+17,2.5529008384532772e-05,10,3.0,1,2,1,0,1,0,0,816,816,1
0.05,1,100000.0,200000000.0,0.0011869763532111426,10,1.0,1,10,0,0,0,0,0,840,840,1
0.0,1,150000.0,9282289336.283747,0.000880515129571083,10,3.0,0,10,1,0,0,1,0,755,755,1
0.007,1,300000000.0,1000000000.0,0.00043583193905010414,10,2.0,1,6,0,0,1,0,0,790,790,1
0.047,4,100000.0,1e+17,0.0009528242521296838,3,2.0,0,10,1,0,0,0,1,751,751,1
0.00138,2,300000000.0,36000000000.0,0.0014628317438639992,10,4.0,1,6,1,1,0,0,0,767,767,1
0.138,2,300000000.0,360000000.0,0.14342666397357684,10,1.0,0,6,0,1,0,0,0,767,767,1
0.007,1,300000000.0,1000000000.0,0.00043583193905010414,3,2.0,1,6,0,0,1,0,0,790,790,1
0.085,0,255000.0,197635000.0,0.007757979568456337,10,3.0,1,10,1,0,1,0,0,812,812,1
0.35,0,8000000.0,191999985.0,0.02233848688237381,10,2.0,1,10,1,0,0,0,0,1475,1475,1
1e-06,1,10000000.0,10000000.0,0.0960023009949206,8,1.0,1,1,0,0,0,0,0,601,978,0
0.15,1,200000.0,100000000.0,0.09346587076636344,11,3.0,1,5,1,0,1,0,0,823,823,1
0.7,0,50000.0,1e+17,0.008372141458202115,10,1.0,1,10,0,0,0,0,0,601,769,0
0.0,2,50000.0,100000000.0,0.09346587076636344,7,3.0,1,5,1,0,1,0,0,823,823,1
0.0,1,300000000.0,10000000000.0,0.3981667156121092,10,1.0,0,10,1,0,0,0,0,767,767,1
0.02,1,300000000.0,1e+17,0.0032099789459000163,10,2.0,0,11,1,0,1,0,0,762,762,1
0.1,1,300000000.0,100000000.0,0.0003879913157685328,10,1.0,1,6,0,0,0,0,0,762,762,1
1.2e-08,2,300000000.0,1e+17,8.50198999684622e-10,10,1.0,1,10,0,0,0,0,0,233,746,0
0.04,2,60000.0,50000000.0,0.002800646445042733,10,1.0,1,1,0,0,0,0,0,669,789,0
0.08,1,300000000.0,250000000.0,0.07146399664539828,10,1.0,0,10,1,0,0,0,0,785,785,1
1e-10,1,50000.0,1e+17,7.5279e-10,10,1.0,1,10,0,0,0,0,0,113,771,0
0.075,1,250000.0,1000000000.0,0.010816507577685396,10,4.0,1,5,1,0,0,0,1,760,760,1
0.0,2,50000.0,1e+17,0.0009058131878318724,7,1.0,0,9,0,0,0,0,0,769,769,1
0.07,1,140000.0,568964008.7,0.06254776403840458,10,2.0,1,10,1,0,0,0,0,767,767,1
0.27,1,300000.0,200000000.0,0.00010412173119532441,10,1.0,1,5,0,0,0,0,0,762,762,1
0.04,2,100000.0,50000000.0,0.002800646445042733,10,1.0,1,1,0,0,0,0,0,669,789,0
1.0,1,300000000.0,1e+17,0.1321163437863468,10,1.0,0,10,0,0,0,0,0,180,775,0
0.0125,1,150000.0,1538400000.0,0.0005223180683844814,10,1.0,1,12,0,0,0,0,0,795,795,1
0.08,2,50000.0,100000000.0,0.022808370665515967,7,2.0,1,10,1,0,0,0,0,797,797,1
1.000002,0,8000000.0,99999998.0,0.00012084844230769305,10,2.0,1,1,0,0,0,0,0,856,856,1
0.15,1,93750.0,500000000.0,0.004894628813288564,10,2.0,1,5,1,0,0,0,0,823,823,1
0.0,2,50000.0,500000000.0,0.0018771605897466373,7,1.0,0,3,0,1,0,0,0,795,795,1
0.06,1,100000.0,500000000.0,0.0018771605897466373,10,1.0,0,3,0,1,0,0,0,795,795,1
0.15,1,93750.0,500000000.0,0.004894628813288564,0,2.0,1,5,1,0,0,0,0,823,823,1
0.05,1,40000.0,120000000.0,0.15473694092627324,7,3.0,1,6,1,0,1,0,0,807,807,1
0.0,2,50000.0,1e+17,0.0007362459360301026,7,1.0,0,10,0,0,0,0,0,779,779,1
0.0055,1,297000.0,1e+17,0.00014686115624953496,12,1.0,1,10,0,0,0,0,0,828,828,1
0.0,2,25000.0,4000000000.0,0.00021604701093285916,2,1.0,0,10,1,0,0,0,0,309,768,0
0.006,2,30000.0,2000000000.0,0.0006785417207877796,10,2.0,0,11,0,0,1,0,0,775,775,1
0.0,1,300000000.0,1000000000.0,0.20268073215026625,10,3.0,0,6,1,1,0,0,0,811,811,1
0.045,1,200150.0,100000000.0,0.015423784421276728,8,3.0,1,11,1,0,1,0,0,789,789,1
0.045,1,100000.0,100000000.0,0.015423784421276728,0,3.0,1,11,1,0,1,0,0,789,789,1
0.05,1,2040000.0,120000000.0,0.15473694092627324,3,3.0,1,6,1,0,1,0,0,807,807,1
0.2,1,20000.0,100000000.0,0.002887534240295294,7,1.0,0,10,1,0,0,0,0,787,787,1
0.18,0,400000.0,1e+17,0.0014555165129010728,10,1.0,1,1,0,0,0,0,0,294,816,0
0.039,1,190000.0,1e+17,0.04486460609310132,10,5.0,1,10,1,0,1,0,1,928,928,1
0.35,1,175000.0,24672315.23,0.019505550167690712,10,3.0,1,11,1,0,1,0,0,753,895,0
0.2,5,500000.0,200000000.0,0.00010412173119532441,10,1.0,1,5,0,0,0,0,0,762,762,1
0.04,2,100000.0,50000000.0,0.002800646445042733,10,1.0,1,1,0,0,0,0,0,669,789,0
0.04,0,100000.0,50000000.0,0.002800646445042733,10,1.0,1,1,0,0,0,0,0,669,789,0
0.028,4,168000.0,1e+17,0.005721229969194437,3,3.0,1,10,1,0,1,0,0,773,773,1
0.00102,1,420000.0,1e+17,0.0,10,1.0,1,1,0,0,0,0,0,856,856,0
0.02,1,200000.0,638607284.0,1.328964502239263e-06,10,2.0,1,1,0,0,1,0,0,472,791,0
0.00625,5,100000.0,1538400000.0,0.0005223180683844814,10,1.0,1,12,0,0,0,0,0,795,795,1
0.075,2,3750000.0,1000000000.0,0.13725034336270273,1,4.0,1,10,1,1,1,0,0,794,794,1
0.004,2,40000.0,2000000000.0,0.0006785417207877796,10,2.0,0,11,0,0,1,0,0,775,775,1
0.11,1,250000.0,1e+17,0.00039694697725666374,11,2.0,0,10,1,0,1,0,0,809,809,1
0.0,0,300000000.0,1e+17,0.0,10,2.0,0,10,1,0,1,0,0,795,795,0
0.0096,1,480000.0,124602872.0,0.008300356085641688,10,2.0,1,1,1,0,0,0,0,433,803,0
0.03,1,100000.0,131394109.31669901,0.0014050937150776766,12,1.0,1,3,0,0,0,0,0,852,852,1
0.5,0,300000000.0,1625000000.0,0.04928125733586808,2,1.0,0,10,1,0,0,0,0,759,759,1
2.0,1,1000000.0,100000000.0,0.5567293357743445,10,1.0,0,5,1,0,0,0,0,804,804,1
0.18,1,126000.0,1000000000.0,0.00022975626572726705,0,2.0,1,1,0,0,0,0,0,933,933,1
0.18,1,126000.0,1000000000.0,0.00022975626572726705,13,2.0,1,1,0,0,0,0,0,933,933,1
0.015,1,300000000.0,997940869.0,0.010785201828583123,0,1.0,1,5,0,0,0,0,0,817,817,1
0.36,1,180000.0,1e+17,0.008500513109072379,8,1.0,0,7,0,0,0,0,0,457,858,0
0.5,1,75000.0,1e+17,0.021178120401851182,10,1.0,1,1,0,0,0,0,0,824,824,1
0.5,1,100000.0,1e+17,0.021178120401851182,10,1.0,1,1,0,0,0,0,0,824,824,1
0.5,1,100000.0,1e+17,0.021178120401851182,0,1.0,1,1,0,0,0,0,0,824,824,1
0.05,1,100000.0,998997074.728367,0.014377467568357874,10,1.0,0,5,0,0,0,0,0,803,803,1
0.005,1,150000.0,1000000000.0,0.00039903472436699205,0,2.0,1,1,0,0,0,0,0,817,817,1
0.003,2,15000.0,2000000000.0,0.0006785417207877796,10,2.0,0,11,0,0,1,0,0,775,775,1
0.003,2,300000.0,2000000000.0,0.0006785417207877796,10,2.0,0,11,0,0,1,0,0,775,775,1
0.06,5,300000000.0,390000000.0,1.625505781702e-12,10,1.0,1,10,0,0,0,0,0,744,1264,0
0.05,0,750000.0,500000000.0,0.057956552898304814,10,3.0,1,10,1,0,0,0,0,828,828,1
0.05,2,250000.0,998997074.728367,0.014377467568357874,10,1.0,0,5,0,0,0,0,0,803,803,1
0.2,0,20000000.0,2000000000.0,0.05390422075031859,2,1.0,0,6,1,0,0,0,0,902,902,1
0.35,1,350000.0,100000000.0,3.9009181013077544e-08,10,1.0,0,10,1,0,0,0,0,824,824,1
0.0,1,300000000.0,125408364.079066,0.005436562431054452,10,2.0,1,10,1,0,0,0,0,819,819,1
0.04,1,225000.0,497620000.0,0.0002718035310927594,10,2.0,1,1,1,0,0,0,0,825,825,1
0.04,1,100000.0,497620000.0,0.0002718035310927594,10,2.0,1,1,1,0,0,0,0,825,825,1
0.04,1,225000.0,497620000.0,0.0002718035310927594,8,2.0,1,1,1,0,0,0,0,825,825,1
0.3,1,300000000.0,100000000.0,0.0015086659747133083,10,1.0,1,10,0,0,0,0,0,504,819,0
0.3,1,175000.0,100000000.0,0.0015086659747133083,8,1.0,1,10,0,0,0,0,0,504,819,0
0.006,1,300000000.0,735377000.0,0.007371295733622671,10,1.0,1,6,0,0,0,0,0,867,867,1
0.195,2,101400.0,1e+17,0.012002824927100784,10,5.0,1,10,1,0,1,0,1,853,853,1
0.2,1,200000.0,1e+17,0.01799428461826456,11,1.0,0,10,1,0,0,0,0,836,836,1
0.5,2,50000000.0,1000000000.0,0.051043465686525985,2,2.0,0,0,1,0,1,0,0,830,830,1
0.002,2,400000.0,2000000000.0,0.0006785417207877796,10,2.0,0,11,0,0,1,0,0,775,775,1
0.0,1,0.0,1000000000000.0,3.2486254653348207e-06,10,5.0,1,9,1,0,1,0,0,862,862,1
0.0,4,0.0,1000000000000.0,3.2486254653348207e-06,10,5.0,1,9,1,0,1,0,0,862,862,1
0.05,1,70000.0,295932540.0,0.0350889562280813,10,1.0,1,10,0,0,0,0,0,831,831,1
0.1,5,250000.0,125350784.0,0.0005272240849229019,3,1.0,0,10,0,0,0,0,1,837,837,1
0.05,1,75000.0,295932540.0,0.0350889562280813,10,1.0,1,10,0,0,0,0,0,831,831,1
0.0,4,0.0,1000000000000.0,3.2486254653348207e-06,10,5.0,1,9,1,0,1,0,0,862,862,1
0.067,4,300000000.0,1200000000.0,0.00019829386185996493,10,1.0,1,5,0,0,0,0,0,835,835,1
0.0,1,300000000.0,1e+17,0.0049739613838882335,10,1.0,0,10,1,0,0,0,0,431,824,0
0.0,1,0.0,1000000000000.0,3.2486254653348207e-06,10,5.0,1,9,1,0,1,0,0,862,862,1
0.0,1,0.0,1000000000000.0,3.2486254653348207e-06,10,5.0,1,9,1,0,1,0,0,862,862,1
0.045,4,700000.0,951000000.0,0.0006395840020955403,10,1.0,1,10,0,0,0,0,0,846,846,1
1.92,0,9933953.28,61604005.43999764,0.21541003861018607,2,2.0,0,10,1,0,0,0,0,834,834,1
0.015,1,600000.0,1955549971.0,7.12666211390867e-05,10,2.0,0,6,1,1,0,0,0,835,835,1
0.045,1,243750.0,1000000000.0,0.0012822826270776028,4,1.0,1,1,0,0,0,0,0,828,828,1
0.0828,1,100000.0,951000000.0,0.0006395840020955403,10,1.0,1,10,0,0,0,0,0,846,846,1
0.0828,4,50000.0,951000000.0,0.0006395840020955403,10,1.0,1,10,0,0,0,0,0,846,846,1
0.05,1,800000.0,500000000.0,0.057956552898304814,3,3.0,1,10,1,0,0,0,0,828,828,1
0.4,1,140000.0,100000000.0,0.0019061549795177082,12,1.0,1,1,0,0,0,0,0,828,828,1
0.98,0,4410000.0,280542818.8249848,0.007941469397387732,10,1.0,0,5,1,0,0,0,0,828,828,1
0.04,1,90000.0,295932540.0,0.0350889562280813,10,1.0,1,10,0,0,0,0,0,831,831,1
0.12,1,175000.0,100000000.0,3.505278995721993e-09,8,2.0,0,10,1,0,1,0,0,858,858,1
0.014,1,70000.0,200000000.0,0.0030693284251191856,10,1.0,1,10,0,0,0,0,0,860,860,1
0.045,4,333000.0,1e+17,0.04966177463681888,10,2.0,1,9,1,0,0,0,0,517,861,0
0.02,1,180000.0,1e+17,0.0009301466143962888,8,2.0,1,7,1,0,0,0,0,359,856,0
3.0,1,15000000.0,100000000.0,0.007077166684626736,10,1.0,0,10,1,0,0,0,0,437,834,0
0.02,1,100000.0,1e+17,0.0009301466143962888,0,2.0,1,7,1,0,0,0,0,359,856,0
0.06,1,900000.0,13312573.0,0.024275242387850848,10,1.0,1,5,0,0,0,0,0,171,842,0
0.3,1,250000.0,100000000.0,0.016267955855805497,11,1.0,0,5,1,0,0,0,0,836,836,1
5e-09,0,2000000.0,393036047178297.0,1.889646985782706e-09,10,2.0,1,10,1,0,0,0,0,612,902,0
0.0,2,30000.0,100000000.0,0.016267955855805497,7,1.0,0,5,1,0,0,0,0,836,836,1
0.0,2,100200.0,3185136000.0,0.006990560781280039,7,1.0,0,10,0,0,0,0,0,838,838,1
0.04,1,0.0,1e+17,0.0,10,1.0,0,7,1,0,0,0,0,853,853,0
0.0,1,0.0,1e+17,0.0,10,1.0,0,7,1,0,0,0,0,853,853,0
0.0,4,0.0,1000000000.0,0.07675795297642263,1,3.0,1,10,1,0,1,0,0,838,838,1
0.09,1,90000.0,200000000.0,0.0028071311077393236,10,1.0,1,3,0,0,0,0,0,842,842,1
3.18,1,159000.0,1e+17,12.716672304482394,10,1.0,0,10,1,0,0,0,0,838,838,1
0.014285714,2,5000000.0,400000000.0,0.0004480680481791166,7,1.0,1,1,0,0,0,0,0,838,838,1
0.0,2,100000.0,1e+17,0.00016312839311340558,7,1.0,1,1,0,0,0,0,0,840,840,1
0.0,1,0.0,1e+17,0.01392948233565681,10,1.0,1,10,0,0,0,0,0,452,839,0
0.077,2,50000.0,100000000.0,0.1059807829729902,7,1.0,0,10,1,0,0,0,0,843,843,1
0.077,2,50000.0,100000000.0,0.1059807829729902,7,1.0,0,10,1,0,0,0,0,843,843,1
0.077,4,50000.0,100000000.0,0.1059807829729902,10,1.0,0,10,1,0,0,0,0,843,843,1
0.0,2,48650.0,3000000000.0,0.008011478449172204,7,2.0,1,6,1,0,0,0,0,878,878,1
0.033,4,1650000.0,125000000.0,0.00014490281346812901,10,5.0,1,10,1,0,1,0,1,370,835,0
0.25,1,300000.0,100000000.0,0.003061584602016963,0,3.0,1,1,1,0,0,0,0,598,859,0
0.125,1,250000.0,500000000.0,0.005094633709804003,10,2.0,1,10,1,0,0,0,0,857,857,1
0.3,1,0.0,100000000.0,0.5574558692992335,11,1.0,0,10,1,0,0,0,0,826,826,1
0.3,1,300000.0,100000000.0,0.5574558692992335,11,1.0,0,10,1,0,0,0,0,826,826,1
0.077,1,195000.0,100000000.0,0.1059807829729902,3,1.0,0,10,1,0,0,0,0,843,843,1
0.07,1,200000.0,1e+17,0.0,10,1.0,0,10,0,0,0,0,0,842,842,0
0.38,2,2422500.0,430011123.0,0.25990777418080113,2,1.0,0,10,0,0,0,0,0,1115,1115,1
0.55,2,3506250.0,430011123.0,0.25990777418080113,2,1.0,0,10,0,0,0,0,0,1115,1115,1
1.0,1,100000.0,1e+17,0.5202548149594853,10,1.0,1,3,0,0,0,0,0,697,885,0
58.0,2,58.0,1e+17,0.0001000235410591732,10,2.0,1,1,1,0,0,0,0,850,850,1
0.0,1,300000000.0,100000000.0,0.0022459637571100874,10,1.0,1,1,0,0,0,0,0,846,846,1
0.5,0,1500000.0,1e+17,0.06553836317493666,10,3.0,1,10,1,0,0,0,0,847,847,1
0.004,1,160000.0,1000000000.0,0.003069400753038452,11,2.0,1,6,1,0,0,0,0,845,845,1
0.0,1,500000.0,10000000000.0,0.003049269887289611,11,1.0,0,10,1,0,0,0,0,677,677,1
0.014,1,180000.0,2000000000.0,0.0036725708266204284,10,2.0,1,6,1,0,0,0,0,845,845,1
0.045,1,300000.0,1000000000.0,0.0007029654465638692,11,2.0,1,10,1,0,0,0,0,969,969,1
30.0,1,150000.0,816166.90987884,0.2766462463917285,10,1.0,1,6,0,0,0,0,0,870,870,1
0.25,2,75000.0,1e+17,0.0023668692551155395,7,1.0,0,3,1,0,0,0,0,846,846,1
0.082,1,100000.0,114321562.885203,0.0009529706264016214,12,2.0,1,10,0,0,0,0,0,858,858,1
0.0825,1,100000.0,114321562.885203,0.0009529706264016214,8,2.0,1,10,0,0,0,0,0,858,858,1
0.0825,1,100000.0,114321562.885203,0.0009529706264016214,0,2.0,1,10,0,0,0,0,0,858,858,1
30.0,4,45000.0,816166.90987884,0.2766462463917285,10,1.0,1,6,0,0,0,0,0,870,870,1
0.5,1,100000.0,100000000.0,0.030595621237802136,10,1.0,1,1,0,0,0,0,0,465,880,0
0.5,1,100000.0,100000000.0,0.030595621237802136,10,1.0,1,1,0,0,0,0,0,465,880,0
30.0,3,150000.0,816166.90987884,0.2766462463917285,10,1.0,1,6,0,0,0,0,0,870,870,1
0.195,1,195000.0,1e+17,0.012002824927100784,3,5.0,1,10,1,0,1,0,1,853,853,1
1.75,1,0.0,100000000.0,0.006100522955650023,10,1.0,0,10,1,0,0,0,0,591,856,0
0.195,2,25000.0,1e+17,0.012002824927100784,7,5.0,1,10,1,0,1,0,1,853,853,1
0.05,2,500000.0,299999975.0,0.010606230169885468,10,1.0,0,10,0,1,0,0,0,885,885,1
0.6,1,200000.0,15000000.0,0.14977368414243802,11,1.0,0,3,1,0,0,0,0,860,860,1
0.2,1,1000000.0,100000000.0,0.030026111683934074,10,1.0,0,10,0,1,0,0,0,858,858,1
0.045,1,200000.0,888888888.0,0.0014903507617816806,11,1.0,0,10,1,0,0,0,0,856,856,1
30.0,1,75000.0,816166.90987884,0.2766462463917285,10,1.0,1,6,0,0,0,0,0,870,870,1
30.0,1,150000.0,816166.90987884,0.2766462463917285,10,1.0,1,6,0,0,0,0,0,870,870,1
7.2e-08,2,2399976.0,999990000000000.0,3.05894766999942e-07,10,4.0,1,3,1,0,0,0,0,856,856,1
0.05,3,2500000.0,500000000.0,0.002271696814085792,10,4.0,1,10,1,0,1,0,0,853,853,1
0.035,2,150000.0,1000000000.0,0.00037338787877389353,7,1.0,0,10,1,0,0,0,0,849,849,1
0.02,1,100000.0,1e+17,0.0009301466143962888,0,2.0,1,7,1,0,0,0,0,359,856,0
0.0,1,0.0,1e+17,0.0,10,1.0,0,5,0,0,0,0,0,851,851,0
0.0103,1,150000.0,969163000.0,0.0006582061649087838,8,2.0,1,10,1,0,0,0,0,662,946,0
0.08,1,1600000.0,100000000.0,0.017786800470674484,4,2.0,1,5,1,0,0,0,0,865,865,1
0.1,1,200000.0,400000000.0,0.0009037582504562593,11,2.0,0,6,1,0,1,0,0,852,852,1
0.1,4,95000.0,65000000.0,0.06393818688296124,10,5.0,1,6,1,0,1,0,0,853,853,1
0.05,2,50000.0,1e+17,0.0001458243205101686,7,1.0,0,10,0,0,0,0,0,853,853,1
0.1,2,25000.0,65000000.0,0.06393818688296124,7,5.0,1,6,1,0,1,0,0,853,853,1
0.1,2,25000.0,198814955.78392872,0.930668300555161,7,5.0,1,3,1,0,1,0,0,853,853,1
0.08,2,100000.0,100000000.0,0.017786800470674484,7,2.0,1,5,1,0,0,0,0,865,865,1
0.0,4,0.0,10000000.0,0.11800423661904236,10,2.0,1,3,1,0,0,0,0,685,865,0
0.09,1,100000.0,200000000.0,0.07073486861830881,10,2.0,1,10,1,0,0,0,0,857,857,1
0.09,1,170000.0,200000000.0,0.07073486861830881,0,2.0,1,10,1,0,0,0,0,857,857,1
0.045,1,507780.0,71000000.0,1.513298819353e-12,8,1.0,0,10,1,0,0,0,0,450,853,0
0.05,1,200000.0,80000000.0,0.002442118590480754,12,1.0,0,10,1,0,0,0,0,732,863,0
0.05,1,200000.0,80000000.0,0.002442118590480754,10,1.0,0,10,1,0,0,0,0,732,863,0
0.1,1,300000.0,1e+17,0.006535180348740493,3,1.0,0,10,0,0,0,0,0,814,853,0
0.0925,0,277500.0,100000000.0,0.005386470939585485,10,2.0,1,10,1,0,0,0,0,853,853,1
18.5,2,30000.0,10000000.0,0.11800423661904236,10,2.0,1,3,1,0,0,0,0,685,865,0
0.0,1,30000.0,10000000.0,0.11800423661904236,10,2.0,1,3,1,0,0,0,0,685,865,0
0.04,2,2300000.0,299999975.0,0.010606230169885468,10,1.0,0,10,0,1,0,0,0,885,885,1
0.035,1,150000.0,1e+17,0.0019178605462048413,11,1.0,0,10,1,0,0,0,0,855,855,1
0.12,1,180000.0,100000000.0,0.004685661755045574,10,2.0,1,10,1,0,0,0,0,862,862,1
1.0,1,292500.0,61375109.23078711,0.025906988328363207,4,10.0,1,10,1,0,1,0,1,865,865,1
8.0,4,60000.0,1e+17,1.5822254287181317,10,1.0,1,1,0,0,0,0,0,199,858,0
8.0,1,100000.0,1e+17,1.5822254287181317,10,1.0,1,1,0,0,0,0,0,199,858,0
0.1,2,400000.0,1000000000.0,0.00025395977074924074,10,1.0,0,10,0,0,0,0,0,866,866,1
5.0,1,100000.0,5410000.51,10.489851420877157,8,2.0,0,10,1,0,0,0,0,862,862,1
1.0,2,150000.0,61375109.23078711,0.025906988328363207,7,10.0,1,10,1,0,1,0,1,865,865,1
5.49,2,19215000.0,61375109.23078711,0.025906988328363207,10,10.0,1,10,1,0,1,0,1,865,865,1
5.0,2,50000.0,5410000.51,10.489851420877157,7,2.0,0,10,1,0,0,0,0,862,862,1
0.125,2,250000.0,1000000000.0,0.00025395977074924074,7,1.0,0,10,0,0,0,0,0,866,866,1
0.3,1,100000.0,75000000.0,0.002790656795550932,10,1.0,0,10,1,0,0,0,0,858,858,1
0.03,0,200000.0,1e+17,0.0007681767464579007,10,1.0,0,10,0,0,0,0,0,548,844,0
0.125,1,250000.0,65541667.0,0.005487269321247036,8,2.0,0,10,1,0,1,0,0,695,858,0
0.048,1,250000.0,500000000.0,0.2007091169180922,11,1.0,0,6,1,0,0,0,0,860,860,1
3.5,2,105000.0,13615440.46392014,0.025616028865254256,10,4.0,1,5,1,0,1,0,0,866,866,1
3.5,2,105000.0,13615440.46392014,0.025616028865254256,4,4.0,1,5,1,0,1,0,0,866,866,1
0.0,1,0.0,100000000.0,0.04138511020501205,10,2.0,1,3,1,0,0,0,0,389,863,0
0.0,2,300000.0,60296840158.155594,1.0236090318767856e-05,7,4.0,1,10,1,0,1,0,0,860,860,1
0.1,2,35000.0,100000000.0,0.002508260831679572,7,1.0,0,3,1,0,0,0,0,867,867,1
4e-05,1,100000.0,98251501368.0,1.696307920946357e-05,10,1.0,0,1,0,0,1,0,0,864,864,1
0.094,1,305500.0,198284457.0,0.013270408535952202,11,2.0,0,10,1,0,1,0,0,870,870,1
0.1,4,200000.0,100000000.0,0.002508260831679572,10,1.0,0,3,1,0,0,0,0,867,867,1
0.5,4,250000.0,50000000.0,0.046132032845600066,10,2.0,1,10,1,0,0,0,0,866,866,1
3.5,2,105000.0,13615440.46392014,0.025616028865254256,7,4.0,1,5,1,0,1,0,0,866,866,1
0.3,1,300000.0,450000000.0,0.00042191731902647175,10,1.0,1,6,0,0,0,0,0,888,888,1
0.0,4,300000000.0,1e+17,6.119e-11,10,1.0,1,1,0,0,0,0,0,590,851,0
0.75,1,1331250.0,100000000.0,0.03995092307314719,10,1.0,0,10,1,0,0,0,0,601,929,0
0.2,0,1600000.0,100000000.0,0.385235287549685,10,2.0,1,0,1,0,0,0,0,863,863,1
0.01,0,2000000.0,1e+17,0.001966873795442366,10,1.0,0,10,0,0,0,0,0,886,886,1
0.03,2,200000.0,1000000000.0,0.00025345411014803123,7,1.0,0,10,1,0,0,0,0,863,863,1
0.0,2,40000.0,1e+17,2.9267427603805635e-05,7,3.0,1,1,1,0,0,0,0,865,865,1
0.5,2,25000.0,1e+17,0.003559837826295974,7,2.0,1,1,1,0,0,0,0,863,863,1
0.3,1,300000.0,450000000.0,0.00042191731902647175,4,1.0,1,6,0,0,0,0,0,888,888,1
0.05,1,150000.0,1e+17,0.0,4,1.0,1,1,0,0,0,0,0,866,866,0
0.25,2,95000.0,1e+17,0.003559837826295974,10,2.0,1,1,1,0,0,0,0,863,863,1
0.02,1,475000.0,1e+17,0.00892428279478,10,1.0,1,1,0,0,0,0,0,161,867,0
0.3,1,100000.0,450000000.0,0.00042191731902647175,10,1.0,1,6,0,0,0,0,0,888,888,1
0.015,1,1500000.0,1000000000.0,0.002566698457375835,0,1.0,1,3,0,0,0,0,0,195,870,0
0.185,1,300000.0,210000000.0,0.009024591612265062,11,2.0,1,10,1,0,0,0,0,870,870,1
0.2,4,300000.0,450000000.0,0.00042191731902647175,10,1.0,1,6,0,0,0,0,0,888,888,1
0.05,2,200000.0,100000000.0,0.00047562183175900034,7,1.0,0,10,0,0,0,0,1,874,874,1
0.02,2,100000.0,1e+17,3.53675380012031e-05,7,1.0,0,10,0,0,0,0,0,874,874,1
0.12,1,0.0,1e+17,0.04492922713398334,12,1.0,0,10,1,0,0,0,0,886,886,1
0.25,1,325000.0,100000000.0,0.010301611559312295,11,4.0,0,11,1,0,1,0,0,885,885,1
0.0,4,0.0,10000000.0,4.582099651832726,10,1.0,0,5,1,0,0,0,0,879,879,1
0.05,2,100000.0,1e+17,0.0018777900478907626,7,2.0,0,10,1,0,0,0,0,874,874,1
0.12,1,200000.0,382605499.0,0.042039866457251475,11,2.0,1,5,1,0,0,0,0,913,913,1
0.009,0,4536000.0,7200000000.0,0.005209623137817092,10,1.0,0,5,0,0,0,0,1,881,881,1
0.25,1,325000.0,100000000.0,0.010301611559312295,11,4.0,0,11,1,0,1,0,0,885,885,1
0.033,1,3090000.0,500000000.0,0.003884345633203362,11,1.0,1,6,0,0,0,0,0,884,884,1
0.033,1,180000.0,500000000.0,0.003884345633203362,11,1.0,1,6,0,0,0,0,0,884,884,1
0.05,4,250000.0,240032395.0,0.0005084926964828893,3,1.0,0,6,0,0,0,0,0,879,879,1
0.03,1,220000.0,1000000000.0,0.00047229051790659504,10,2.0,1,10,1,0,0,0,0,925,925,1
0.075,1,0.0,120000000.0,0.002974018778218066,3,1.0,0,3,1,0,0,0,0,735,1131,0
1.5,2,30000.0,10000000.0,0.009393861951284088,7,1.0,0,4,1,0,0,0,0,878,878,1
1.5,2,30000.0,10000000.0,0.009393861951284088,7,1.0,0,4,1,0,0,0,0,878,878,1
0.1,2,25000.0,100000000.0,0.0020122885436949537,7,3.0,1,6,1,0,1,0,0,875,875,1
5.0,1,75000.0,1000000.0,0.09087138705225885,10,3.0,1,3,1,0,0,0,0,880,880,1
5.0,1,100000.0,1000000.0,0.09087138705225885,12,3.0,1,3,1,0,0,0,0,880,880,1
5.0,1,75000.0,1000000.0,0.09087138705225885,10,3.0,1,3,1,0,0,0,0,880,880,1
0.0,1,300000000.0,375000000.0,0.00047533072898928993,12,1.0,1,1,0,0,0,0,0,1257,1668,0
0.015,1,210000.0,1000000000.0,0.0019750212850129564,0,3.0,1,3,1,0,1,0,0,877,877,1
0.004,1,400000.0,3000000000.0,0.008011478449172204,11,2.0,1,6,1,0,0,0,0,878,878,1
0.35,4,0.0,1000000000.0,0.03192241707649907,2,2.0,1,10,1,0,0,0,0,956,956,1
0.29,4,0.0,1000000000.0,0.03192241707649907,2,2.0,1,10,1,0,0,0,0,956,956,1
0.06,1,100000.0,255000000.0,0.0008229936958348771,12,1.0,0,9,1,0,0,0,0,902,902,1
0.06,2,100000.0,255000000.0,0.0008229936958348771,10,1.0,0,9,1,0,0,0,0,902,902,1
0.2,4,0.0,1000000000.0,0.03192241707649907,2,2.0,1,10,1,0,0,0,0,956,956,1
3.0,1,150000.0,5614361.0,0.04806904343100093,12,4.0,1,5,1,0,1,0,0,913,913,1
20.0,4,0.0,2000000.0,0.04282445724338493,10,1.0,1,1,0,0,0,0,0,878,878,1
0.3,1,0.0,100000000.0,0.020294314629236455,10,3.0,1,10,1,0,0,0,0,549,881,0
3.0,2,210000.0,5614361.0,0.04806904343100093,7,4.0,1,5,1,0,1,0,0,913,913,1
3.0,1,60000.0,5614361.0,0.04806904343100093,10,4.0,1,5,1,0,1,0,0,913,913,1
0.0,1,0.0,1000000000.0,0.002815316563818926,10,1.0,1,6,0,0,0,0,0,884,884,1
2.0,1,250000.0,8360000.0,0.7192454168786593,11,1.0,0,10,1,0,0,0,0,901,901,1
0.4,1,300000.0,50000000.0,0.011562960656544429,10,2.0,1,10,1,0,0,0,0,764,884,0
0.5,1,50000.0,7460000.0,0.024805838182674952,12,2.0,1,10,1,0,0,0,0,885,885,1
0.9,4,0.0,100000000.0,0.23800488118229302,10,1.0,0,3,1,0,0,0,0,509,885,0
0.024,1,250000.0,1687110673.0,0.0006863904378647125,7,4.0,1,10,1,0,0,0,0,894,894,1
0.0,1,1000000.0,10000000000.0,0.003049269887289611,10,1.0,0,10,1,0,0,0,0,677,677,1
26.761,2,2000000.0,40000000.0,2.3633032589650185,1,1.0,0,10,0,0,0,0,0,1180,1180,1
2.5,4,2500000.0,5614361.0,0.04806904343100093,10,4.0,1,5,1,0,1,0,0,913,913,1
0.0,4,0.0,1000000000.0,0.0009023664332162643,10,1.0,0,10,0,0,0,0,0,954,954,1
0.5,2,100000.0,7460000.0,0.024805838182674952,7,2.0,1,10,1,0,0,0,0,885,885,1
0.12,1,125000.0,208911248.0,0.0056397673785134545,11,2.0,1,3,1,0,0,0,0,886,886,1
0.0,4,0.0,1e+17,0.0,10,1.0,0,10,0,0,0,0,0,888,888,0
0.0,1,0.0,120000000.0,0.0038386395743790435,10,2.0,1,11,1,0,0,0,0,892,892,1
0.1,2,100000.0,120000000.0,0.0038386395743790435,7,2.0,1,11,1,0,0,0,0,892,892,1
0.12,1,100000.0,100000000.0,0.1816589848412651,11,2.0,0,11,1,0,1,0,0,887,887,1
0.08,1,112125.0,99300000.0,0.24853600993536104,4,3.0,1,10,1,0,1,0,0,887,887,1
0.0,1,0.0,1000000000.0,0.1320388771752508,10,1.0,0,5,1,0,0,0,0,915,915,1
0.2,1,550000.0,9505142.0,0.007588618694360946,12,1.0,1,10,0,0,0,0,0,890,890,1
0.1,5,2300000.0,100000000.0,0.008156844105397043,10,4.0,1,3,1,0,0,0,0,730,730,1
0.11,1,440000.0,1e+17,0.026496457505027132,0,1.0,1,1,0,0,0,0,0,220,895,0
1.0,1,200000.0,10000000.0,0.1785067145508897,11,2.0,1,1,1,0,0,0,0,891,891,1
0.0,5,500000.0,1e+17,0.001966873795442366,10,1.0,0,10,0,0,0,0,0,886,886,1
0.175,1,100000.0,45809095.0,0.0015287406446443778,10,1.0,1,10,0,0,0,0,0,893,893,1
1.0,2,20000.0,200000000.0,0.15018508886442172,7,2.0,0,3,1,0,1,0,0,915,915,1
0.035,0,27800000.0,10000000000.0,0.003049269887289611,10,1.0,0,10,1,0,0,0,0,677,677,1
0.036,2,37500.0,777777777.0,5.446796290890838e-05,7,2.0,1,10,1,0,0,0,0,560,914,0
0.02,4,0.0,10000000000.0,0.0030180953797439613,10,2.0,1,10,1,0,0,0,0,911,911,1
0.75,1,4500000.0,200000000.0,0.15018508886442172,10,2.0,0,3,1,0,1,0,0,915,915,1
0.05,1,150000.0,100000000.0,0.008064749356092107,11,1.0,0,10,1,0,0,0,0,893,893,1
0.12,1,100000.0,100000000.0,0.007680427711915118,8,4.0,1,5,1,0,1,0,0,891,891,1
0.12,1,80000.0,100000000.0,0.007680427711915118,10,4.0,1,5,1,0,1,0,0,891,891,1
0.0,4,0.0,6124791807.3163,0.010013749063478555,1,2.0,1,6,1,0,0,0,0,894,894,1
0.05,1,100000.0,100000000.0,0.020286441726834702,12,2.0,1,10,1,0,0,0,0,893,893,1
0.006,1,60000.0,597534631.0,0.00013451478723264544,10,2.0,1,1,0,0,1,0,0,555,892,0
0.006,1,90000.0,597534631.0,0.00013451478723264544,10,2.0,1,1,0,0,1,0,0,555,892,0
0.225,1,101250.0,10000000.0,0.007352164751803738,4,2.0,1,10,1,0,0,0,0,894,894,1
0.012,1,750000.0,10000000000.0,0.0030180953797439613,8,2.0,1,10,1,0,0,0,0,911,911,1
0.07,1,622222.0,88888888.0,0.002023793771807672,10,3.0,1,10,1,0,1,0,0,895,895,1
0.077,2,50050.0,21000000000.0,0.002030588081555599,7,1.0,0,10,0,0,0,0,0,1495,1495,1
0.2,1,300000000.0,100000000.0,0.0005161211099683936,10,2.0,1,1,1,0,0,0,0,895,895,1
10.0,1,150000.0,1e+17,3.81690007890284,10,1.0,1,1,0,0,0,0,0,81,906,0
0.0,4,0.0,1e+17,0.0,10,1.0,0,10,0,0,0,0,0,905,905,0
0.0,1,100000000.0,35162592.66866397,0.9888196341401733,10,2.0,0,5,1,0,0,0,0,929,929,1
0.45,2,450000.0,187278165.229311,0.1712200588639999,10,1.0,0,5,0,0,0,0,0,1079,1079,1
0.025,0,950000.0,1000000000.0,0.00012007205957674006,10,1.0,1,1,0,0,0,0,0,906,906,1
0.1,2,7500000.0,500000000.0,0.21748746297217214,1,1.0,1,10,0,0,0,0,0,893,893,1
0.03,2,100000.0,10000000000.0,5.487260055741663e-05,7,2.0,0,5,1,0,0,0,1,902,902,1
0.03,2,100000.0,10000000000.0,5.487260055741663e-05,7,2.0,0,5,1,0,0,0,1,902,902,1
0.04,1,100000.0,400000000.0,0.0006766575811381444,12,3.0,1,3,1,0,1,0,0,900,900,1
0.35,1,90000.0,9166468.0705,0.3650046385805474,11,3.0,1,6,1,0,1,0,0,904,904,1
0.03,1,300000000.0,10000000000.0,5.487260055741663e-05,12,2.0,0,5,1,0,0,0,1,902,902,1
1.0,1,0.0,3586800.0,0.010733160243109403,4,1.0,1,10,0,0,0,0,0,916,916,1
0.17,4,25000.0,100000000.0,0.07653556464581741,10,2.0,1,11,1,0,0,0,0,905,905,1
0.17,1,204000.0,100000000.0,0.07653556464581741,11,2.0,1,11,1,0,0,0,0,905,905,1
0.04,1,60000.0,400000000.0,0.0006766575811381444,10,3.0,1,3,1,0,1,0,0,900,900,1
0.042,1,0.0,500000000.0,0.006348711477548871,8,1.0,0,3,1,0,0,0,0,900,900,1
0.2,1,500000.0,2520000000.0,0.004927162878232461,11,1.0,0,11,1,0,0,0,0,908,908,1
0.04,1,75000.0,1e+17,0.000978569643859927,10,1.0,1,10,0,0,0,0,0,911,911,1
0.03,2,12000000.0,12016558377.0,0.033991319451777434,2,1.0,0,10,0,0,0,0,0,1153,1153,1
0.029,1,0.0,19838000001.0,0.0001494600233439707,10,1.0,0,11,1,0,0,0,0,909,909,1
0.012,0,250000.0,10000000000.0,0.0030180953797439613,12,2.0,1,10,1,0,0,0,0,911,911,1
0.05,0,0.0,397250000.0,0.0013487187199550449,10,2.0,1,3,1,0,0,0,0,902,902,1
0.055,1,89735.0,65000000.0,0.005018538272985913,10,3.0,1,10,1,0,1,0,0,908,908,1
0.02,2,8000000.0,12016558377.0,0.033991319451777434,2,1.0,0,10,0,0,0,0,0,1153,1153,1
1.8,0,900000.0,5614361.0,0.04806904343100093,10,4.0,1,5,1,0,1,0,0,913,913,1
0.375,1,100000.0,19838000001.0,0.0001494600233439707,11,1.0,0,11,1,0,0,0,0,909,909,1
0.75,1,7500000.0,1e+17,0.05421596320377722,10,1.0,0,10,1,0,0,0,0,907,907,1
0.015,2,12000000.0,12016558377.0,0.033991319451777434,2,1.0,0,10,0,0,0,0,0,1153,1153,1
0.015,2,125000.0,1000000000.0,0.00130659480830542,7,1.0,0,10,1,0,0,0,0,911,911,1
0.3,1,0.0,197800000.0,0.021997321849836275,10,4.0,1,11,1,0,1,0,0,940,940,1
0.012,1,300000.0,10000000000.0,0.0030180953797439613,10,2.0,1,10,1,0,0,0,0,911,911,1
0.0,1,1000000.0,1000000000.0,0.00130659480830542,3,1.0,0,10,1,0,0,0,0,911,911,1
0.15,2,210000.0,1e+17,0.00029993027699860294,12,1.0,0,3,1,0,0,0,0,886,910,0
0.15,1,90000.0,1e+17,0.00029993027699860294,10,1.0,0,3,1,0,0,0,0,886,910,0
8.0,0,100000.0,10000000.0,18.195008489860726,10,1.0,0,10,1,0,0,0,0,916,916,1
0.167,0,150000.0,100000000.0,0.0080085944185151,10,4.0,1,5,1,0,1,0,1,913,913,1
0.167,0,150000.0,100000000.0,0.0080085944185151,11,4.0,1,5,1,0,1,0,1,913,913,1
0.035,1,100000.0,777777777.0,5.446796290890838e-05,10,2.0,1,10,1,0,0,0,0,560,914,0
0.05,0,0.0,1000000000.0,0.008035327375296622,10,2.0,0,10,1,0,0,0,0,914,914,1
1.3,0,0.0,1e+17,0.03257127292258064,10,1.0,1,1,0,0,0,0,0,913,913,1
0.0,1,0.0,9999999993.05077,0.014683521927317835,10,2.0,0,10,1,1,0,0,0,1005,1005,1
0.1,1,100000.0,200000000.0,0.05604870787129966,4,1.0,0,10,1,0,0,0,0,930,930,1
0.1,1,25000.0,200000000.0,0.05604870787129966,10,1.0,0,10,1,0,0,0,0,930,930,1
0.4,1,200000.0,100000000.0,0.01719347752302721,11,1.0,0,10,1,0,0,0,0,927,927,1
4.5,0,0.0,100000000.0,0.04127065989369551,10,3.0,1,11,1,0,1,0,0,916,916,1
0.0,0,0.0,7807116.33112627,41.37541020262725,10,2.0,0,6,1,1,0,0,0,923,923,1
2.2,0,330000.0,1522142.47,0.04431825051528771,11,1.0,0,3,1,0,0,0,0,1112,1112,1
0.012,0,3000000.0,10251549724.0,0.004795671479864439,10,1.0,0,10,0,0,0,0,0,923,923,1
0.0853,2,1800000.0,10000000000.0,0.01061870560561839,1,2.0,1,5,1,0,0,0,0,1094,1094,1
4.0,1,0.0,100000000.0,0.08630541083023836,10,1.0,0,10,1,0,0,0,0,920,920,1
0.1,2,200000.0,9999999993.05077,0.014683521927317835,7,2.0,0,10,1,1,0,0,0,1005,1005,1
0.1,2,170000.0,9999999993.05077,0.014683521927317835,10,2.0,0,10,1,1,0,0,0,1005,1005,1
0.1,2,250000.0,9999999993.05077,0.014683521927317835,10,2.0,0,10,1,1,0,0,0,1005,1005,1
20.0,1,3000000.0,9550122.13625528,0.07132166329975999,10,1.0,1,5,0,0,0,0,0,922,922,1
0.12,1,216000.0,120000000.0,0.045220674623224114,11,3.0,1,6,1,0,1,0,0,929,929,1
10.0,0,300000.0,731929.20666767,8.06035273034849,10,6.0,1,10,1,1,1,0,0,936,936,1
0.275,1,275000.0,30000000.0,1.5199498194197134,11,1.0,0,6,1,0,0,0,0,931,931,1
0.72,1,72000.0,10000000.0,0.26659308243734,10,1.0,1,1,0,0,0,0,0,219,925,0
1.0,1,10000000.0,30000000.0,0.009960474129842049,10,2.0,0,5,1,0,1,0,0,924,924,1
6500.0,0,7800000.0,1e+17,1779.0910047786012,10,1.0,0,10,1,0,0,0,0,505,1109,0
5.0,2,1900000.0,21000000.0,1.3271942039469764,1,2.0,1,3,1,0,0,0,0,1095,1095,1
0.9,4,2700000.0,100000000.0,2.5934666264838877,10,3.0,1,3,1,0,1,0,0,938,938,1
0.3,1,10000000.0,2995058318.3429217,8.102385644844936e-05,10,2.0,0,10,1,0,1,0,0,937,937,1
4.875,2,1000000.0,20000000.0,1.8525239334206187,1,1.0,0,10,0,0,0,0,0,937,937,1
0.1,2,5000000.0,500000000.0,0.5699129692607374,1,1.0,1,10,0,0,0,0,0,993,993,1
0.1,1,200000.0,9999999995.607454,0.030806152751603928,10,2.0,0,10,1,1,0,0,0,958,958,1
0.0221,0,21000000.0,10000000000.0,0.003086853333489965,10,1.0,0,10,1,0,0,0,0,1144,1144,1
0.1,2,170000.0,9999999995.607454,0.030806152751603928,10,2.0,0,10,1,1,0,0,0,958,958,1
0.1,2,250000.0,9999999995.607454,0.030806152751603928,10,2.0,0,10,1,1,0,0,0,958,958,1
0.1,2,2970000.0,270000000.0,4.581023499365621,1,5.0,1,6,1,1,0,0,0,1112,1112,1
0.4,2,3600000.0,100000000.0,7.078249296976779,1,3.0,1,0,1,0,0,0,0,1083,1083,1
0.02,2,2000000.0,1000000000.0,0.07787997247717918,1,4.0,1,5,1,0,0,0,1,1083,1083,1
0.0083,2,2000000.0,3000000000.0,0.30198292312755726,1,3.0,0,6,1,1,1,0,0,1138,1138,1
1.0,0,50000000.0,5000000000.0,1.0000617e-17,2,2.0,0,10,1,0,0,0,0,504,825,0
2.25,4,300000000.0,40000000.0,2.3633032589650185,10,1.0,0,10,0,0,0,0,0,1180,1180,1
0.015,2,1500000.0,1000000000.0,0.12794101877326725,1,6.0,1,10,1,0,1,0,1,1242,1242,1
0.02,2,2000000.0,962646668.99,0.09434620592000204,1,3.0,1,10,0,0,1,0,0,1319,1319,1
2.2,4,300000000.0,20000000.0,3.1789499616041375,10,1.0,0,10,0,0,0,0,0,1193,1193,1
0.005,2,4000000.0,10000000000.0,0.0023541873062759055,1,1.0,0,10,0,0,0,0,0,1381,1381,1
0.46,2,3000000.0,772408421.0,0.6447322705656251,1,3.0,0,5,1,0,1,0,0,1423,1423,1
0.473,2,5850000.0,138438355.270424,1.0362618347083592,1,4.0,1,11,1,0,0,0,0,1460,1460,1
0.07743,2,6700000.0,1033200000.0,0.014644756747005319,1,2.0,1,10,1,0,0,0,0,1483,1483,1
0.0001201,2,6000000.0,1e+17,0.0,1,2.0,1,10,0,0,0,0,0,1515,1515,0
0.0084,0,300000000.0,1e+17,0.0,10,1.0,0,10,1,0,0,0,0,1544,1544,0
0.00065,2,3250000.0,1e+17,0.0,1,1.0,1,10,0,0,0,0,0,1544,1544,0
0.0065,2,5000000.0,1e+17,0.0,1,1.0,0,10,0,0,0,0,0,1579,1579,0
0.00263,2,5000000.0,1e+17,0.0,1,6.0,1,11,1,1,1,0,0,1612,1612,0
0.0,2,300000000.0,1e+17,0.0,1,5.0,1,10,1,0,0,0,0,1643,1643,0
0.0,2,300000000.0,1e+17,0.0,1,3.0,1,3,1,0,0,0,0,1664,1664,0
0.0,2,300000000.0,1e+17,0.0,1,2.0,1,10,0,0,0,0,0,1692,1692,0
